No.,Player,GP,GS,MIN,AVG,FG,FGA,PCT,3FG,3FGA,PCT,FT,FTA,PCT,OFF,DEF,TOT,AVG,PF,DQ,A,A/G,TO,TO/G,A/TO,BLK,BLK/G,STL,STL/G,PTS,AVG,Team
15,Kyle Arseneault,15,15,517,34.5,97,196,49.5,53,115,46.1,33,43,76.7,14,72,86,5.7,37,-,18,1.2,22,1.5,0.8,3,0.2,10,0.7,280,18.7,Acadia
22,Shaquille Smith,20,20,629,31.5,134,252,53.2,7,42,16.7,60,97,61.9,31,68,99,5.0,64,1,52,2.6,62,3.1,0.8,11,0.6,45,2.3,335,16.8,Acadia
11,Erik Nissen,20,19,568,28.4,122,242,50.4,5,11,45.5,46,68,67.6,49,119,168,8.4,74,5,14,0.7,63,3.2,0.2,21,1.1,19,1.0,295,14.8,Acadia
9,Ben Miller,19,18,608,32.0,82,222,36.9,39,117,33.3,56,67,83.6,26,91,117,6.2,55,3,111,5.8,56,2.9,2.0,5,0.3,33,1.7,259,13.6,Acadia
8,Nick De Palma,20,19,616,30.8,82,223,36.8,59,158,37.3,23,25,92.0,13,53,66,3.3,38,1,45,2.3,31,1.6,1.5,0,0.0,20,1.0,246,12.3,Acadia
4,AJ Simmonds,18,2,404,22.4,47,139,33.8,34,97,35.1,17,24,70.8,7,45,52,2.9,16,0,36,2.0,28,1.6,1.3,0,0.0,20,1.1,145,8.1,Acadia
10,Thomas Johnston,20,8,477,23.9,30,70,42.9,12,34,35.3,16,20,80.0,25,51,76,3.8,39,0,25,1.3,9,0.5,2.8,0,0.0,15,0.8,88,4.4,Acadia
5,Mitchell Tempro,20,-,190,9.5,17,36,47.2,2,4,50.0,18,24,75.0,11,17,28,1.4,32,0,8,0.4,4,0.2,2.0,0,0.0,5,0.3,54,2.7,Acadia
13,Nick Ernest,3,1,72,24.0,2,4,50.0,0,0,-,0,2,0.0,3,8,11,3.7,5,-,0,0.0,3,1.0,0.0,1,0.3,1,0.3,4,1.3,Acadia
6,Kyle MacKinnon,12,-,42,3.5,6,11,54.5,4,6,66.7,0,0,-,0,8,8,0.7,3,0,3,0.3,5,0.4,0.6,0,0.0,2,0.2,16,1.3,Acadia
12,Brett Dickie,11,1,50,4.5,0,0,-,0,0,-,0,0,-,0,0,0,0.0,0,0,0,0.0,0,0.0,-,0,0.0,1,0.1,0,0.0,Acadia
24,Rhys Larry,1,1,40,40.0,0,0,-,0,0,-,0,0,-,0,0,0,0.0,0,-,0,0.0,0,0.0,-,0,0.0,0,0.0,0,0.0,Acadia
21,Andrew Scott,10,1,45,4.5,0,1,0.0,0,0,-,0,0,-,0,0,0,0.0,0,0,0,0.0,0,0.0,-,0,0.0,0,0.0,0,0.0,Acadia
11,Mamadou Gueye,20,20,550,27.5,120,278,43.2,19,55,34.5,108,141,76.6,26,121,147,7.4,46,1,35,1.8,77,3.9,0.5,4,0.2,20,1.0,367,18.4,Alberta
10,Brody Clarke,20,19,515,25.8,96,195,49.2,11,43,25.6,37,56,66.1,31,94,125,6.3,59,4,21,1.1,57,2.9,0.4,10,0.5,15,0.8,240,12.0,Alberta
03,Colby Jackson,20,20,512,25.6,52,153,34.0,29,105,27.6,28,33,84.8,4,43,47,2.4,36,0,93,4.7,55,2.8,1.7,0,0.0,24,1.2,161,8.1,Alberta
08,Lyndon Annetts,20,20,547,27.4,45,127,35.4,30,101,29.7,24,31,77.4,14,48,62,3.1,24,0,26,1.3,20,1.0,1.3,3,0.2,21,1.1,144,7.2,Alberta
12,Rav Dhaliwal,20,1,292,14.6,31,76,40.8,6,28,21.4,14,17,82.4,19,26,45,2.3,29,0,6,0.3,17,0.9,0.4,6,0.3,4,0.2,82,4.1,Alberta
07,Sheldon Pittman,20,7,306,15.3,25,80,31.3,23,64,35.9,6,7,85.7,7,26,33,1.7,20,0,12,0.6,13,0.7,0.9,2,0.1,5,0.3,79,4.0,Alberta
04,Andriy Halushko,17,2,199,11.7,13,48,27.1,11,38,28.9,6,8,75.0,4,21,25,1.5,15,0,3,0.2,11,0.6,0.3,0,0.0,7,0.4,43,2.5,Alberta
05,Ivan Ikomey,20,2,224,11.2,19,70,27.1,11,46,23.9,0,0,-,12,16,28,1.4,22,0,7,0.4,14,0.7,0.5,0,0.0,9,0.5,49,2.5,Alberta
06,Dwan Williams,12,-,187,15.6,10,30,33.3,3,14,21.4,5,8,62.5,8,25,33,2.8,21,0,12,1.0,13,1.1,0.9,2,0.2,5,0.4,28,2.3,Alberta
14,Brett Roughead,20,5,248,12.4,15,27,55.6,0,1,0.0,15,29,51.7,24,61,85,4.3,39,2,4,0.2,12,0.6,0.3,23,1.2,3,0.2,45,2.3,Alberta
01,Ethan Dixon,16,1,161,10.1,8,27,29.6,2,11,18.2,6,10,60.0,6,17,23,1.4,16,0,13,0.8,16,1.0,0.8,1,0.1,10,0.6,24,1.5,Alberta
02,Jonah Weyessa,6,-,42,7.0,4,16,25.0,1,4,25.0,0,0,-,0,1,1,0.2,5,0,3,0.5,6,1.0,0.5,1,0.2,1,0.2,9,1.5,Alberta
09,Cole Knudsen,1,-,0,.0,0,0,-,0,0,-,0,0,-,0,0,0,0.0,0,-,0,0.0,0,0.0,-,0,0.0,0,0.0,0,0.0,Alberta
03,Andre Barber,20,20,539,27.0,95,236,40.3,46,128,35.9,30,45,66.7,9,77,86,4.3,64,2,36,1.8,53,2.7,0.7,1,0.1,22,1.1,266,13.3,Algoma
10,Sean Clendinning,20,20,590,29.5,91,262,34.7,29,77,37.7,53,67,79.1,21,20,41,2.1,22,0,25,1.3,35,1.8,0.7,1,0.1,21,1.1,264,13.2,Algoma
05,Brett Zufelt,20,20,504,25.2,57,149,38.3,0,1,0.0,42,63,66.7,29,65,94,4.7,61,3,17,0.9,31,1.6,0.5,4,0.2,18,0.9,156,7.8,Algoma
08,Adam Benrabah,20,9,353,17.7,38,125,30.4,10,57,17.5,24,40,60.0,21,32,53,2.7,34,0,10,0.5,21,1.1,0.5,6,0.3,20,1.0,110,5.5,Algoma
6,Nathan Riley,20,5,433,21.7,36,90,40.0,1,2,50.0,35,56,62.5,23,62,85,4.3,48,2,9,0.5,31,1.6,0.3,4,0.2,25,1.3,108,5.4,Algoma
4,Jacob Clendinning,19,6,325,17.1,33,124,26.6,15,61,24.6,18,24,75.0,10,32,42,2.2,40,1,27,1.4,36,1.9,0.8,0,0.0,26,1.4,99,5.2,Algoma
13,Reng Gum,17,14,432,25.4,32,85,37.6,3,8,37.5,15,29,51.7,35,88,123,7.2,45,2,9,0.5,21,1.2,0.4,28,1.6,14,0.8,82,4.8,Algoma
22,Jermaine Lyle,20,2,316,15.8,32,94,34.0,14,46,30.4,16,22,72.7,4,29,33,1.7,36,0,11,0.6,20,1.0,0.6,1,0.1,16,0.8,94,4.7,Algoma
09,Cailum White,20,3,252,12.6,24,78,30.8,21,67,31.3,9,11,81.8,10,22,32,1.6,17,0,9,0.5,9,0.5,1.0,3,0.2,6,0.3,78,3.9,Algoma
15,Eric Thompson,14,-,92,6.6,8,30,26.7,0,1,0.0,10,14,71.4,6,13,19,1.4,10,0,1,0.1,7,0.5,0.1,2,0.1,6,0.4,26,1.9,Algoma
11,Kristjan Lamont,12,1,137,11.4,5,21,23.8,0,0,-,7,11,63.6,6,16,22,1.8,22,0,1,0.1,8,0.7,0.1,1,0.1,2,0.2,17,1.4,Algoma
02,Nikola Zorcic,5,-,29,5.8,1,5,20.0,0,1,0.0,4,4,100.0,3,0,3,0.6,2,0,2,0.4,1,0.2,2.0,0,0.0,0,0.0,6,1.2,Algoma
25,Nicholas Palazzi,10,-,45,4.5,1,6,16.7,0,1,0.0,4,4,100.0,5,5,10,1.0,11,0,3,0.3,1,0.1,3.0,1,0.1,0,0.0,6,0.6,Algoma
07,Zach Buchan,1,-,1,1.0,0,0,-,0,0,-,0,0,-,1,0,1,1.0,0,0,0,0.0,0,0.0,-,0,0.0,0,0.0,0,0.0,Algoma
08,Abdul Kamane,16,13,493,30.8,69,165,41.8,9,25,36.0,65,98,66.3,41,75,116,7.3,36,1,17,1.1,52,3.3,0.3,3,0.2,24,1.5,212,13.3,Bishop's
06,Jonathan Bermillo,16,14,484,30.3,65,212,30.7,35,110,31.8,39,54,72.2,8,57,65,4.1,42,0,55,3.4,40,2.5,1.4,1,0.1,33,2.1,204,12.8,Bishop's
15,Peter Weston,11,8,307,27.9,40,114,35.1,21,67,31.3,31,42,73.8,5,10,15,1.4,22,1,9,0.8,23,2.1,0.4,0,0.0,19,1.7,132,12.0,Bishop's
14,David Belanger,14,11,323,23.1,55,104,52.9,0,0,-,20,33,60.6,23,39,62,4.4,25,0,10,0.7,23,1.6,0.4,1,0.1,4,0.3,130,9.3,Bishop's
11,Nick Harvey,14,9,361,25.8,49,139,35.3,2,16,12.5,26,40,65.0,30,76,106,7.6,44,1,22,1.6,47,3.4,0.5,3,0.2,19,1.4,126,9.0,Bishop's
21,Ben Lusk,1,-,2,2.0,2,2,100.0,0,0,-,0,1,0.0,1,0,1,1.0,0,0,0,0.0,0,0.0,-,0,0.0,0,0.0,4,4.0,Bishop's
07,Yassin Naji,15,7,311,20.7,19,62,30.6,3,13,23.1,12,22,54.5,23,33,56,3.7,29,0,15,1.0,23,1.5,0.7,3,0.2,8,0.5,53,3.5,Bishop's
23,Duncan Lambert,16,4,208,13.0,17,44,38.6,3,15,20.0,12,20,60.0,8,17,25,1.6,33,2,4,0.3,14,0.9,0.3,0,0.0,2,0.1,49,3.1,Bishop's
05,Austin Macklem,16,1,235,14.7,17,53,32.1,7,28,25.0,6,18,33.3,3,20,23,1.4,30,0,8,0.5,15,0.9,0.5,0,0.0,9,0.6,47,2.9,Bishop's
22,Owen Martel,12,-,138,11.5,13,30,43.3,6,16,37.5,0,0,-,7,14,21,1.8,24,1,2,0.2,16,1.3,0.1,1,0.1,4,0.3,32,2.7,Bishop's
00,Jonah Fogg,16,3,148,9.3,17,42,40.5,0,0,-,8,14,57.1,17,26,43,2.7,21,0,3,0.2,19,1.2,0.2,4,0.3,3,0.2,42,2.6,Bishop's
04,Luay Abow,12,-,126,10.5,5,22,22.7,0,6,0.0,3,6,50.0,1,9,10,0.8,12,0,9,0.8,19,1.6,0.5,0,0.0,5,0.4,13,1.1,Bishop's
12,Mathew Van doorn,12,-,64,5.3,5,17,29.4,2,10,20.0,1,4,25.0,6,12,18,1.5,5,0,4,0.3,9,0.8,0.4,1,0.1,4,0.3,13,1.1,Bishop's
13,Forest Mahoney,3,-,1,.3,1,1,100.0,0,0,-,0,0,-,0,1,1,0.3,1,0,0,0.0,1,0.3,0.0,0,0.0,0,0.0,2,0.7,Bishop's
02,DJ Jordan,19,16,595,31.3,125,327,38.2,37,134,27.6,36,65,55.4,24,47,71,3.7,57,2,47,2.5,51,2.7,0.9,3,0.2,26,1.4,323,17.0,Brandon
08,Earl Thompson Jr,20,20,647,32.4,124,302,41.1,23,73,31.5,59,86,68.6,44,116,160,8.0,58,0,51,2.6,71,3.6,0.7,6,0.3,29,1.5,330,16.5,Brandon
07,Troy Grant,13,12,392,30.2,57,141,40.4,18,55,32.7,12,22,54.5,7,43,50,3.8,23,0,35,2.7,17,1.3,2.1,1,0.1,27,2.1,144,11.1,Brandon
10,Chris Stanhope,20,19,580,29.0,74,162,45.7,17,61,27.9,19,39,48.7,13,62,75,3.8,38,1,28,1.4,53,2.7,0.5,4,0.2,17,0.9,184,9.2,Brandon
05,Pookie Saunders,20,9,495,24.8,36,126,28.6,22,59,37.3,18,33,54.5,16,54,70,3.5,44,1,29,1.5,38,1.9,0.8,3,0.2,27,1.4,112,5.6,Brandon
14,John Paul,20,16,418,20.9,47,103,45.6,0,0,-,10,36,27.8,45,79,124,6.2,57,3,15,0.8,40,2.0,0.4,32,1.6,9,0.5,104,5.2,Brandon
06,Denham Buchanan,19,-,229,12.1,21,71,29.6,12,43,27.9,7,11,63.6,6,19,25,1.3,11,0,11,0.6,18,0.9,0.6,0,0.0,14,0.7,61,3.2,Brandon
12,Tyler Anderson,16,1,183,11.4,17,34,50.0,0,4,0.0,17,27,63.0,19,23,42,2.6,19,1,6,0.4,10,0.6,0.6,0,0.0,2,0.1,51,3.2,Brandon
11,Esmat Atem,20,3,240,12.0,20,47,42.6,0,1,0.0,18,35,51.4,20,24,44,2.2,44,1,1,0.1,14,0.7,0.1,4,0.2,6,0.3,58,2.9,Brandon
09,Keneal James,18,4,190,10.6,10,31,32.3,1,7,14.3,12,20,60.0,8,22,30,1.7,39,0,7,0.4,22,1.2,0.3,1,0.1,10,0.6,33,1.8,Brandon
01,Mitch Marquis,7,-,18,2.6,3,5,60.0,3,4,75.0,0,0,-,0,6,6,0.9,4,0,1,0.1,1,0.1,1.0,0,0.0,1,0.1,9,1.3,Brandon
13,Baka Ngeleka,5,-,9,1.8,2,3,66.7,1,1,100.0,0,0,-,0,2,2,0.4,1,0,0,0.0,1,0.2,0.0,0,0.0,0,0.0,5,1.0,Brandon
04,Ryan Hawley,2,-,4,2.0,0,2,0.0,0,2,0.0,0,0,-,0,1,1,0.5,0,0,0,0.0,0,0.0,-,0,0.0,0,0.0,0,0.0,Brandon
13,Dani Elgadi,19,19,652,34.3,133,283,47.0,4,15,26.7,109,141,77.3,61,162,223,11.7,55,4,42,2.2,82,4.3,0.5,38,2.0,41,2.2,379,19.9,Brock
11,Johneil Simpson,19,18,630,33.2,118,297,39.7,39,123,31.7,40,51,78.4,22,98,120,6.3,37,2,38,2.0,49,2.6,0.8,9,0.5,21,1.1,315,16.6,Brock
14,Ryan Bennett,19,19,547,28.8,79,216,36.6,34,101,33.7,34,50,68.0,21,62,83,4.4,44,3,33,1.7,38,2.0,0.9,7,0.4,18,0.9,226,11.9,Brock
33,Matt Marshall,19,18,563,29.6,80,177,45.2,3,9,33.3,28,42,66.7,73,87,160,8.4,67,4,51,2.7,43,2.3,1.2,14,0.7,20,1.1,191,10.1,Brock
25,Tyler Brown,19,16,467,24.6,53,122,43.4,7,30,23.3,20,39,51.3,15,27,42,2.2,65,7,56,2.9,29,1.5,1.9,5,0.3,28,1.5,133,7.0,Brock
15,Zachary Angelini,19,-,281,14.8,28,82,34.1,19,56,33.9,15,19,78.9,10,30,40,2.1,28,0,10,0.5,14,0.7,0.7,1,0.1,9,0.5,90,4.7,Brock
02,Nolan Mackenzie,18,3,309,17.2,22,74,29.7,5,21,23.8,15,20,75.0,13,26,39,2.2,13,0,23,1.3,14,0.8,1.6,0,0.0,8,0.4,64,3.6,Brock
01,Elijah Green,9,-,58,6.4,4,15,26.7,1,7,14.3,6,9,66.7,2,4,6,0.7,9,0,2,0.2,5,0.6,0.4,1,0.1,4,0.4,15,1.7,Brock
10,Nate Gardner,18,1,124,6.9,8,22,36.4,3,11,27.3,6,10,60.0,4,11,15,0.8,24,0,8,0.4,11,0.6,0.7,0,0.0,6,0.3,25,1.4,Brock
22,Mitch Saunders,13,-,84,6.5,5,11,45.5,0,0,-,3,5,60.0,3,11,14,1.1,15,0,1,0.1,4,0.3,0.3,2,0.2,0,0.0,13,1.0,Brock
32,Tristan Thompson,14,1,80,5.7,5,20,25.0,0,0,-,3,15,20.0,11,8,19,1.4,21,0,2,0.1,6,0.4,0.3,3,0.2,3,0.2,13,0.9,Brock
04,Colin Connors,7,-,25,3.6,2,5,40.0,1,3,33.3,0,0,-,1,4,5,0.7,0,0,4,0.6,2,0.3,2.0,0,0.0,0,0.0,5,0.7,Brock
21,Kane Annesley,9,-,42,4.7,2,5,40.0,0,0,-,1,2,50.0,1,3,4,0.4,10,0,2,0.2,2,0.2,1.0,0,0.0,2,0.2,5,0.6,Brock
35,Shemar Mensah,2,-,5,2.5,0,2,0.0,0,1,0.0,0,0,-,1,0,1,0.5,0,0,0,0.0,1,0.5,0.0,0,0.0,0,0.0,0,0.0,Brock
02,Thomas Cooper,20,20,660,33.0,170,397,42.8,42,108,38.9,133,160,83.1,34,115,149,7.5,26,0,62,3.1,66,3.3,0.9,1,0.1,22,1.1,515,25.8,Calgary
10,Lars Schlueter,20,20,539,27.0,85,189,45.0,57,129,44.2,22,31,71.0,18,73,91,4.6,56,0,20,1.0,23,1.2,0.9,8,0.4,16,0.8,249,12.5,Calgary
09,Josh Owen-Thomas,20,8,477,23.9,54,129,41.9,29,65,44.6,31,40,77.5,12,53,65,3.3,29,0,30,1.5,16,0.8,1.9,2,0.1,12,0.6,168,8.4,Calgary
00,David Kapinga,18,13,372,20.7,49,106,46.2,7,27,25.9,35,46,76.1,22,26,48,2.7,38,0,45,2.5,26,1.4,1.7,1,0.1,34,1.9,140,7.8,Calgary
05,Jasdeep Gill,20,-,269,13.5,49,110,44.5,16,47,34.0,23,34,67.6,10,35,45,2.3,24,0,18,0.9,18,0.9,1.0,3,0.2,5,0.3,137,6.9,Calgary
06,Dallas Karch,19,-,298,15.7,42,76,55.3,7,16,43.8,19,36,52.8,14,37,51,2.7,28,0,20,1.1,15,0.8,1.3,10,0.5,8,0.4,110,5.8,Calgary
03,Torrez McKoy,20,7,422,21.1,35,114,30.7,19,59,32.2,23,32,71.9,16,59,75,3.8,26,1,43,2.2,33,1.7,1.3,3,0.2,21,1.1,112,5.6,Calgary
11,Matt Letkeman,20,18,279,14.0,46,99,46.5,0,0,-,14,35,40.0,42,36,78,3.9,47,2,13,0.7,22,1.1,0.6,4,0.2,6,0.3,106,5.3,Calgary
08,Jhony Verrone,19,12,286,15.1,30,78,38.5,6,29,20.7,19,33,57.6,12,33,45,2.4,25,0,23,1.2,26,1.4,0.9,1,0.1,15,0.8,85,4.5,Calgary
12,Mitch Ligertwood,16,-,127,7.9,21,31,67.7,0,0,-,16,25,64.0,10,15,25,1.6,19,0,3,0.2,13,0.8,0.2,3,0.2,4,0.3,58,3.6,Calgary
13,Matt Ellis,20,2,187,9.4,18,36,50.0,0,0,-,13,16,81.3,9,39,48,2.4,40,2,9,0.5,15,0.8,0.6,14,0.7,10,0.5,49,2.5,Calgary
14,Connor Foreman,18,-,134,7.4,16,34,47.1,0,1,0.0,11,14,78.6,21,28,49,2.7,26,0,7,0.4,13,0.7,0.5,4,0.2,6,0.3,43,2.4,Calgary
04,Corey Hauck,2,-,2,1.0,0,0,-,0,0,-,0,0,-,0,0,0,0.0,1,0,0,0.0,2,1.0,0.0,0,0.0,0,0.0,0,0.0,Calgary
12,Meshack Lufile,20,18,541,27.1,130,192,67.7,0,0,-,64,101,63.4,71,109,180,9.0,37,0,25,1.3,59,3.0,0.4,29,1.5,7,0.4,324,16.2,Cape
5,Kenny Jean-Louis,20,19,623,31.2,118,258,45.7,7,36,19.4,63,91,69.2,36,116,152,7.6,34,0,101,5.1,65,3.3,1.6,3,0.2,23,1.2,306,15.3,Cape
2,Cedric Kasongo,20,15,544,27.2,82,204,40.2,24,65,36.9,26,36,72.2,20,97,117,5.9,51,0,97,4.9,71,3.6,1.4,6,0.3,30,1.5,214,10.7,Cape
3,Seth Amoah,18,3,462,25.7,63,125,50.4,9,35,25.7,29,39,74.4,19,81,100,5.6,39,0,48,2.7,43,2.4,1.1,1,0.1,21,1.2,164,9.1,Cape
4,Jack MacAulay,18,9,360,20.0,49,141,34.8,41,111,36.9,5,5,100.0,6,25,31,1.7,28,0,19,1.1,19,1.1,1.0,1,0.1,15,0.8,144,8.0,Cape
9,Kelson Devereaux,20,12,570,28.5,64,153,41.8,11,40,27.5,20,35,57.1,21,62,83,4.2,45,1,58,2.9,51,2.6,1.1,2,0.1,48,2.4,159,8.0,Cape
6,Kyle Hankins,17,9,280,16.5,35,75,46.7,2,7,28.6,28,39,71.8,13,28,41,2.4,44,2,12,0.7,27,1.6,0.4,1,0.1,2,0.1,100,5.9,Cape
1,Kayon Mayers,7,4,120,17.1,11,37,29.7,3,17,17.6,9,12,75.0,1,15,16,2.3,13,1,16,2.3,10,1.4,1.6,0,0.0,8,1.1,34,4.9,Cape
15,AJ Geugjes,17,9,223,13.1,29,56,51.8,0,4,0.0,8,26,30.8,20,24,44,2.6,17,0,12,0.7,18,1.1,0.7,4,0.2,4,0.2,66,3.9,Cape
7,Tevin Bartley,15,2,124,8.3,23,49,46.9,2,12,16.7,9,10,90.0,9,10,19,1.3,25,1,2,0.1,7,0.5,0.3,8,0.5,5,0.3,57,3.8,Cape
0,Daoud Soukary,5,-,33,6.6,6,11,54.5,2,4,50.0,2,2,100.0,0,2,2,0.4,6,0,0,0.0,3,0.6,0.0,0,0.0,1,0.2,16,3.2,Cape
8,Christian Affolter,17,-,170,10.0,21,50,42.0,2,12,16.7,7,12,58.3,8,37,45,2.6,20,0,14,0.8,14,0.8,1.0,2,0.1,4,0.2,51,3.0,Cape
13,Joey Liem,10,-,65,6.5,4,12,33.3,1,8,12.5,3,4,75.0,1,5,6,0.6,5,0,2,0.2,8,0.8,0.3,0,0.0,0,0.0,12,1.2,Cape
31,Guillaume Boucard,17,17,409,24.1,98,182,53.8,10,18,55.6,43,66,65.2,30,64,94,5.5,38,1,38,2.2,41,2.4,0.9,17,1.0,24,1.4,249,14.6,Carleton
41,Kaza Kajami-Keane,19,19,508,26.7,109,221,49.3,18,56,32.1,31,38,81.6,10,67,77,4.1,31,0,125,6.6,53,2.8,2.4,2,0.1,27,1.4,267,14.1,Carleton
10,Connor Wood,19,19,478,25.2,102,220,46.4,46,120,38.3,8,9,88.9,22,61,83,4.4,34,0,33,1.7,28,1.5,1.2,6,0.3,17,0.9,258,13.6,Carleton
03,Gavin Resch,19,19,488,25.7,64,148,43.2,51,114,44.7,13,13,100.0,8,53,61,3.2,41,0,49,2.6,22,1.2,2.2,3,0.2,22,1.2,192,10.1,Carleton
45,Ryan Ejim,19,8,345,18.2,76,151,50.3,0,0,-,29,41,70.7,39,57,96,5.1,42,1,10,0.5,16,0.8,0.6,14,0.7,12,0.6,181,9.5,Carleton
21,Cameron Smythe,19,10,328,17.3,59,105,56.2,4,14,28.6,19,26,73.1,41,51,92,4.8,44,1,16,0.8,16,0.8,1.0,17,0.9,7,0.4,141,7.4,Carleton
15,Mitchell Jackson,16,-,122,7.6,30,56,53.6,3,4,75.0,24,31,77.4,17,15,32,2.0,14,0,4,0.3,13,0.8,0.3,1,0.1,6,0.4,87,5.4,Carleton
22,Mitchell Wood,19,3,345,18.2,34,75,45.3,1,15,6.7,12,22,54.5,39,66,105,5.5,34,1,16,0.8,15,0.8,1.1,2,0.1,20,1.1,81,4.3,Carleton
23,Stanley Mayambo,17,-,214,12.6,25,50,50.0,15,35,42.9,7,10,70.0,13,22,35,2.1,18,1,6,0.4,10,0.6,0.6,0,0.0,3,0.2,72,4.2,Carleton
33,Marcus Anderson,19,-,320,16.8,18,53,34.0,8,33,24.2,16,20,80.0,15,40,55,2.9,22,0,21,1.1,17,0.9,1.2,3,0.2,18,0.9,60,3.2,Carleton
11,Tajinder Lall,14,-,161,11.5,12,34,35.3,5,18,27.8,4,7,57.1,11,27,38,2.7,17,0,9,0.6,13,0.9,0.7,2,0.1,8,0.6,33,2.4,Carleton
05,Sheldon McIntosh,6,-,32,5.3,5,10,50.0,1,5,20.0,1,1,100.0,1,3,4,0.7,3,0,4,0.7,3,0.5,1.3,0,0.0,4,0.7,12,2.0,Carleton
13,Yasiin Joseph,8,-,37,4.6,1,7,14.3,0,3,0.0,2,2,100.0,1,7,8,1.0,2,0,6,0.8,6,0.8,1.0,0,0.0,0,0.0,4,0.5,Carleton
43,Glenn Thelemaque,5,-,15,3.0,0,0,-,0,0,-,0,0,-,1,0,1,0.2,2,0,0,0.0,1,0.2,0.0,0,0.0,3,0.6,0,0.0,Carleton
13,Ken Beaulieu,15,14,471,31.4,78,167,46.7,22,73,30.1,36,58,62.1,23,75,98,6.5,36,0,16,1.1,35,2.3,0.5,6,0.4,25,1.7,214,14.3,Concordia
23,Schneiders Suffrard,16,10,491,30.7,57,179,31.8,5,45,11.1,45,85,52.9,13,66,79,4.9,43,1,31,1.9,60,3.8,0.5,13,0.8,5,0.3,164,10.3,Concordia
15,Jaleel Webb,16,13,466,29.1,51,148,34.5,26,82,31.7,32,42,76.2,13,44,57,3.6,36,2,14,0.9,40,2.5,0.4,6,0.4,25,1.6,160,10.0,Concordia
21,Michael Fosu,16,15,332,20.8,55,129,42.6,6,25,24.0,38,50,76.0,21,43,64,4.0,30,0,24,1.5,21,1.3,1.1,3,0.2,9,0.6,154,9.6,Concordia
22,Ahmadu-Tijani Umar,16,-,309,19.3,45,89,50.6,0,0,-,24,33,72.7,35,60,95,5.9,35,0,18,1.1,26,1.6,0.7,17,1.1,14,0.9,114,7.1,Concordia
11,Ricardo Monge,16,15,482,30.1,36,116,31.0,12,43,27.9,25,29,86.2,15,43,58,3.6,37,0,48,3.0,44,2.8,1.1,3,0.2,14,0.9,109,6.8,Concordia
12,Xander Jean,4,3,68,17.0,7,20,35.0,1,8,12.5,3,4,75.0,5,14,19,4.8,9,0,5,1.3,4,1.0,1.3,1,0.3,0,0.0,18,4.5,Concordia
8,Inti Salinas,13,1,108,8.3,14,41,34.1,11,35,31.4,2,2,100.0,1,15,16,1.2,7,0,8,0.6,7,0.5,1.1,0,0.0,6,0.5,41,3.2,Concordia
7,Garry Merisier,15,1,193,12.9,17,51,33.3,0,5,0.0,13,19,68.4,13,19,32,2.1,20,0,8,0.5,13,0.9,0.6,0,0.0,9,0.6,47,3.1,Concordia
10,Jean-Daniel Mathieu,15,3,188,12.5,12,54,22.2,7,38,18.4,6,9,66.7,3,22,25,1.7,19,0,3,0.2,10,0.7,0.3,0,0.0,4,0.3,37,2.5,Concordia
4,Frank Mpeck,16,-,145,9.1,2,19,10.5,0,9,0.0,5,7,71.4,2,8,10,0.6,13,0,9,0.6,12,0.8,0.8,0,0.0,10,0.6,9,0.6,Concordia
14,Dvir Cahana,2,-,0,.0,0,1,0.0,0,1,0.0,0,0,-,0,0,0,0.0,1,0,0,0.0,0,0.0,-,0,0.0,0,0.0,0,0.0,Concordia
5,Amadou Diene,1,-,0,.0,0,0,-,0,0,-,0,0,-,0,0,0,0.0,0,0,0,0.0,0,0.0,-,0,0.0,1,1.0,0,0.0,Concordia
24,Kiari Gerba,3,-,8,2.7,0,4,0.0,0,0,-,0,0,-,0,1,1,0.3,1,0,0,0.0,1,0.3,0.0,0,0.0,0,0.0,0,0.0,Concordia
9,Jonathan Mirambeau,7,-,6,.9,0,1,0.0,0,0,-,0,0,-,0,1,1,0.1,3,0,0,0.0,0,0.0,-,1,0.1,0,0.0,0,0.0,Concordia
22,Kashrell Lawrence,19,19,541,28.5,113,202,55.9,5,15,33.3,51,81,63.0,40,77,117,6.2,35,1,30,1.6,30,1.6,1.0,4,0.2,33,1.7,282,14.8,Dalhousie
7,Sven Stammberger,19,19,591,31.1,91,190,47.9,32,90,35.6,31,39,79.5,24,80,104,5.5,43,1,37,1.9,46,2.4,0.8,4,0.2,17,0.9,245,12.9,Dalhousie
11,Ritchie Kanza Mata,18,18,595,33.1,65,170,38.2,24,68,35.3,66,87,75.9,21,71,92,5.1,50,1,125,6.9,55,3.1,2.3,1,0.1,29,1.6,220,12.2,Dalhousie
5,Jarred Reid,20,8,442,22.1,63,160,39.4,24,70,34.3,21,34,61.8,17,56,73,3.7,37,1,27,1.4,29,1.5,0.9,4,0.2,17,0.9,171,8.6,Dalhousie
12,Jordan Aquino-Serjue,20,12,478,23.9,57,131,43.5,6,26,23.1,22,31,71.0,19,39,58,2.9,48,0,40,2.0,26,1.3,1.5,0,0.0,20,1.0,142,7.1,Dalhousie
10,Cedric Sanogo,19,14,371,19.5,48,113,42.5,10,38,26.3,10,19,52.6,16,28,44,2.3,37,0,25,1.3,27,1.4,0.9,1,0.1,15,0.8,116,6.1,Dalhousie
14,William Yengue,17,4,291,17.1,42,110,38.2,1,5,20.0,12,33,36.4,23,33,56,3.3,39,1,4,0.2,10,0.6,0.4,7,0.4,18,1.1,97,5.7,Dalhousie
13,Matt McVeigh,11,-,86,7.8,15,38,39.5,13,31,41.9,1,1,100.0,1,3,4,0.4,3,0,3,0.3,3,0.3,1.0,0,0.0,1,0.1,44,4.0,Dalhousie
15,Sascha Kappos,15,1,173,11.5,27,50,54.0,0,1,0.0,2,4,50.0,12,21,33,2.2,15,0,4,0.3,13,0.9,0.3,3,0.2,2,0.1,56,3.7,Dalhousie
4,Alex Petronis,17,1,149,8.8,20,44,45.5,7,19,36.8,7,12,58.3,6,21,27,1.6,15,0,6,0.4,16,0.9,0.4,0,0.0,5,0.3,54,3.2,Dalhousie
8,Sean Dodds,16,-,123,7.7,14,46,30.4,10,36,27.8,1,1,100.0,6,16,22,1.4,7,-,7,0.4,7,0.4,1.0,0,0.0,2,0.1,39,2.4,Dalhousie
6,Adam Karmali,16,-,117,7.3,13,25,52.0,4,10,40.0,3,8,37.5,1,6,7,0.4,8,-,12,0.8,6,0.4,2.0,0,0.0,0,0.0,33,2.1,Dalhousie
21,Kevin Duong,18,4,170,9.4,11,30,36.7,0,0,-,0,2,0.0,7,13,20,1.1,27,0,5,0.3,7,0.4,0.7,2,0.1,2,0.1,22,1.2,Dalhousie
9,Ross Crichton,2,-,3,1.5,0,0,-,0,0,-,0,0,-,0,0,0,0.0,0,-,0,0.0,1,0.5,0.0,0,0.0,0,0.0,0,0.0,Dalhousie
23,Michael Fraser,1,-,0,.0,0,0,-,0,0,-,0,0,-,0,0,0,0.0,0,-,0,0.0,0,0.0,-,0,0.0,0,0.0,0,0.0,Dalhousie
05,Jonathan Wallace,19,17,489,25.7,99,233,42.5,17,37,45.9,54,68,79.4,18,40,58,3.1,43,1,38,2.0,32,1.7,1.2,0,0.0,21,1.1,269,14.2,Guelph
04,Daniel Dooley,17,17,543,31.9,74,177,41.8,19,54,35.2,49,59,83.1,16,47,63,3.7,22,0,52,3.1,26,1.5,2.0,0,0.0,19,1.1,216,12.7,Guelph
44,Ahmed Haroon,19,17,378,19.9,79,189,41.8,20,52,38.5,49,61,80.3,28,79,107,5.6,39,0,10,0.5,36,1.9,0.3,10,0.5,9,0.5,227,11.9,Guelph
11,Taylor Boers,19,5,455,23.9,61,195,31.3,24,94,25.5,49,56,87.5,1,27,28,1.5,20,0,23,1.2,21,1.1,1.1,1,0.1,11,0.6,195,10.3,Guelph
31,Jack Beatty,19,3,381,20.1,60,165,36.4,25,76,32.9,35,49,71.4,22,79,101,5.3,56,1,15,0.8,23,1.2,0.7,11,0.6,13,0.7,180,9.5,Guelph
15,Drew Walford,19,16,400,21.1,68,120,56.7,5,17,29.4,8,16,50.0,26,50,76,4.0,41,0,22,1.2,43,2.3,0.5,26,1.4,25,1.3,149,7.8,Guelph
42,Colin Corrigan,15,-,156,10.4,23,47,48.9,0,3,0.0,4,8,50.0,12,17,29,1.9,26,0,7,0.5,4,0.3,1.8,0,0.0,8,0.5,50,3.3,Guelph
21,Kingsley D'Silva,18,8,222,12.3,22,52,42.3,1,1,100.0,7,22,31.8,34,45,79,4.4,35,0,9,0.5,18,1.0,0.5,4,0.2,5,0.3,52,2.9,Guelph
22,Andrew Grant,19,2,277,14.6,16,70,22.9,2,22,9.1,14,22,63.6,6,32,38,2.0,29,0,14,0.7,12,0.6,1.2,9,0.5,17,0.9,48,2.5,Guelph
33,Martin Popiel,17,10,226,13.3,14,36,38.9,0,0,-,7,13,53.8,10,21,31,1.8,36,0,8,0.5,19,1.1,0.4,0,0.0,4,0.2,35,2.1,Guelph
45,Nathan Klassen,1,-,2,2.0,1,2,50.0,0,0,-,0,0,-,0,1,1,1.0,0,0,0,0.0,0,0.0,-,0,0.0,0,0.0,2,2.0,Guelph
32,Jean L-Beugre,18,-,219,12.2,9,38,23.7,2,10,20.0,9,21,42.9,13,20,33,1.8,26,0,13,0.7,17,0.9,0.8,2,0.1,7,0.4,29,1.6,Guelph
40,Love Joseph,6,-,46,7.7,2,5,40.0,0,0,-,1,4,25.0,5,5,10,1.7,13,0,1,0.2,2,0.3,0.5,2,0.3,2,0.3,5,0.8,Guelph
12,Tommy Yanchus,5,-,6,1.2,1,3,33.3,1,3,33.3,0,0,-,1,0,1,0.2,0,0,0,0.0,0,0.0,-,0,0.0,1,0.2,3,0.6,Guelph
24,Bacarius Dinkins,19,19,563,29.6,127,256,49.6,0,0,-,72,113,63.7,49,108,157,8.3,44,0,23,1.2,49,2.6,0.5,21,1.1,8,0.4,326,17.2,Lakehead
05,Henry Tan,19,19,651,34.3,103,283,36.4,20,97,20.6,71,98,72.4,10,73,83,4.4,20,0,69,3.6,53,2.8,1.3,2,0.1,16,0.8,297,15.6,Lakehead
21,Alexandre Robichaud,19,19,635,33.4,56,157,35.7,38,108,35.2,26,30,86.7,30,86,116,6.1,59,1,26,1.4,33,1.7,0.8,3,0.2,13,0.7,176,9.3,Lakehead
03,Nick Burke,19,19,565,29.7,57,148,38.5,13,58,22.4,19,37,51.4,10,65,75,3.9,42,0,47,2.5,27,1.4,1.7,4,0.2,28,1.5,146,7.7,Lakehead
07,Brandon Persad,19,-,236,12.4,31,88,35.2,28,79,35.4,4,6,66.7,6,23,29,1.5,19,0,3,0.2,13,0.7,0.2,1,0.1,3,0.2,94,4.9,Lakehead
04,Kache Kopec,17,-,201,11.8,23,56,41.1,15,38,39.5,17,21,81.0,9,17,26,1.5,19,1,5,0.3,9,0.5,0.6,2,0.1,2,0.1,78,4.6,Lakehead
22,Darnell Curtin,19,1,186,9.8,16,38,42.1,9,24,37.5,13,17,76.5,9,17,26,1.4,23,0,7,0.4,7,0.4,1.0,0,0.0,10,0.5,54,2.8,Lakehead
11,Mike Theodore,12,-,128,10.7,13,25,52.0,0,2,0.0,4,4,100.0,17,21,38,3.2,18,1,2,0.2,10,0.8,0.2,3,0.3,8,0.7,30,2.5,Lakehead
02,Quincy Johnson,18,3,202,11.2,15,42,35.7,7,19,36.8,4,6,66.7,16,25,41,2.3,22,0,6,0.3,11,0.6,0.5,1,0.1,3,0.2,41,2.3,Lakehead
09,Jack Bull,16,9,180,11.3,9,22,40.9,1,1,100.0,4,8,50.0,19,24,43,2.7,22,1,4,0.3,14,0.9,0.3,4,0.3,2,0.1,23,1.4,Lakehead
23,Antony Flores,16,-,79,4.9,3,13,23.1,1,7,14.3,2,5,40.0,1,5,6,0.4,6,0,4,0.3,7,0.4,0.6,0,0.0,2,0.1,9,0.6,Lakehead
20,Michael Poirier,9,-,29,3.2,0,5,0.0,0,0,-,1,2,50.0,1,1,2,0.2,1,0,1,0.1,0,0.0,-,0,0.0,0,0.0,1,0.1,Lakehead
01,Kyle Estalilla,3,-,4,1.3,0,1,0.0,0,0,-,0,0,-,0,0,0,0.0,2,0,1,0.3,0,0.0,-,0,0.0,0,0.0,0,0.0,Lakehead
12,Chris Howell,1,-,2,2.0,0,0,-,0,0,-,0,0,-,0,0,0,0.0,0,0,0,0.0,0,0.0,-,0,0.0,0,0.0,0,0.0,Lakehead
08,Mor Menashe,1,-,0,.0,0,0,-,0,0,-,0,0,-,0,0,0,0.0,0,-,0,0.0,0,0.0,-,0,0.0,0,0.0,0,0.0,Lakehead
06,Nick Soulias,1,-,0,.0,0,0,-,0,0,-,0,0,-,0,0,0,0.0,0,-,0,0.0,0,0.0,-,0,0.0,0,0.0,0,0.0,Lakehead
11,David Aromolaran,18,18,555,30.8,96,241,39.8,5,24,20.8,67,87,77.0,20,62,82,4.6,47,1,68,3.8,79,4.4,0.9,8,0.4,22,1.2,264,14.7,Laurentian
21,Anthony Iacoe,19,19,627,33.0,96,279,34.4,59,169,34.9,26,30,86.7,14,41,55,2.9,33,0,33,1.7,41,2.2,0.8,0,0.0,16,0.8,277,14.6,Laurentian
44,Sam Hirst,19,19,643,33.8,96,234,41.0,10,43,23.3,51,74,68.9,33,110,143,7.5,52,1,58,3.1,45,2.4,1.3,3,0.2,20,1.1,253,13.3,Laurentian
10,Nick Simon,19,1,481,25.3,53,160,33.1,36,114,31.6,5,6,83.3,9,32,41,2.2,41,0,31,1.6,27,1.4,1.1,0,0.0,11,0.6,147,7.7,Laurentian
14,Theo Thomas,19,14,359,18.9,43,112,38.4,8,30,26.7,38,47,80.9,31,44,75,3.9,56,4,16,0.8,34,1.8,0.5,3,0.2,18,0.9,132,6.9,Laurentian
32,Joseph Sykes,18,15,381,21.2,33,85,38.8,4,10,40.0,20,24,83.3,23,56,79,4.4,49,2,11,0.6,30,1.7,0.4,9,0.5,11,0.6,90,5.0,Laurentian
12,JD West,19,5,293,15.4,25,80,31.3,20,64,31.3,5,7,71.4,5,25,30,1.6,10,0,3,0.2,5,0.3,0.6,0,0.0,9,0.5,75,3.9,Laurentian
55,Lex Van Iperen,18,1,264,14.7,25,57,43.9,0,0,-,14,28,50.0,43,40,83,4.6,41,0,13,0.7,18,1.0,0.7,5,0.3,4,0.2,64,3.6,Laurentian
23,Alexander Henry-Iriarte,17,3,200,11.8,10,35,28.6,0,1,0.0,9,19,47.4,21,31,52,3.1,34,1,8,0.5,14,0.8,0.6,10,0.6,5,0.3,29,1.7,Laurentian
24,Mike McQuarrie,2,-,13,6.5,1,1,100.0,0,0,-,0,0,-,0,2,2,1.0,1,0,0,0.0,2,1.0,0.0,0,0.0,2,1.0,2,1.0,Laurentian
34,Mustafa Abdi,7,-,35,5.0,1,4,25.0,1,2,50.0,2,2,100.0,3,2,5,0.7,4,0,3,0.4,5,0.7,0.6,0,0.0,0,0.0,5,0.7,Laurentian
42,Juac Aguer,1,-,1,1.0,0,0,-,0,0,-,0,0,-,0,0,0,0.0,0,-,0,0.0,0,0.0,-,0,0.0,0,0.0,0,0.0,Laurentian
15,Tristan Rienstra,3,-,4,1.3,0,1,0.0,0,0,-,0,0,-,1,0,1,0.3,0,0,0,0.0,0,0.0,-,0,0.0,0,0.0,0,0.0,Laurentian
06,Will Coulthard,20,19,631,31.6,115,348,33.0,46,152,30.3,79,111,71.2,14,59,73,3.7,41,0,37,1.9,40,2.0,0.9,3,0.2,36,1.8,355,17.8,Laurier
12,Matt Chesson,20,19,502,25.1,110,256,43.0,3,13,23.1,44,63,69.8,36,64,100,5.0,58,1,13,0.7,24,1.2,0.5,21,1.1,10,0.5,267,13.4,Laurier
09,Luke Allin,7,6,183,26.1,31,60,51.7,16,31,51.6,15,20,75.0,11,30,41,5.9,17,0,1,0.1,3,0.4,0.3,4,0.6,3,0.4,93,13.3,Laurier
03,Garrison Thomas,19,11,441,23.2,58,144,40.3,18,57,31.6,17,25,68.0,35,67,102,5.4,19,0,31,1.6,16,0.8,1.9,6,0.3,13,0.7,151,7.9,Laurier
02,Simon Mikre,20,19,658,32.9,50,135,37.0,3,9,33.3,42,55,76.4,15,80,95,4.8,41,0,101,5.1,52,2.6,1.9,15,0.8,31,1.6,145,7.3,Laurier
04,Chuder Teny,20,6,328,16.4,51,163,31.3,29,99,29.3,12,18,66.7,15,24,39,2.0,17,0,15,0.8,27,1.4,0.6,0,0.0,21,1.1,143,7.2,Laurier
10,Owen Coulthard,20,5,332,16.6,44,128,34.4,30,83,36.1,14,20,70.0,14,24,38,1.9,26,0,7,0.4,9,0.5,0.8,3,0.2,9,0.5,132,6.6,Laurier
08,Vlad Matovic,19,1,222,11.7,43,78,55.1,0,1,0.0,15,20,75.0,28,42,70,3.7,25,0,3,0.2,19,1.0,0.2,11,0.6,9,0.5,101,5.3,Laurier
05,Sydney Davis,20,-,219,11.0,23,74,31.1,10,31,32.3,12,20,60.0,4,14,18,0.9,23,0,19,1.0,21,1.1,0.9,1,0.1,5,0.3,68,3.4,Laurier
07,Ivan Bilandzic,15,-,127,8.5,16,34,47.1,0,0,-,18,34,52.9,17,27,44,2.9,23,1,2,0.1,7,0.5,0.3,3,0.2,3,0.2,50,3.3,Laurier
15,Joseph Fo,3,-,23,7.7,5,10,50.0,0,0,-,0,0,-,2,1,3,1.0,0,0,1,0.3,0,0.0,-,1,0.3,1,0.3,10,3.3,Laurier
20,Simon Polan-Couillard,18,9,292,16.2,21,51,41.2,0,0,-,17,37,45.9,31,36,67,3.7,46,1,14,0.8,11,0.6,1.3,4,0.2,8,0.4,59,3.3,Laurier
11,Navraj Randhawa,10,-,36,3.6,2,11,18.2,1,5,20.0,2,4,50.0,1,4,5,0.5,2,0,3,0.3,7,0.7,0.4,0,0.0,2,0.2,7,0.7,Laurier
13,Nonso Anyakwo,15,-,75,5.0,3,12,25.0,0,0,-,1,7,14.3,8,9,17,1.1,15,0,1,0.1,4,0.3,0.3,4,0.3,1,0.1,7,0.5,Laurier
8,Alexandre Leclerc,16,16,577,36.1,104,252,41.3,49,134,36.6,39,59,66.1,21,80,101,6.3,29,0,39,2.4,39,2.4,1.0,8,0.5,20,1.3,296,18.5,Laval
10,Thibaud Dezutter,16,13,474,29.6,79,179,44.1,33,75,44.0,44,59,74.6,16,44,60,3.8,46,3,48,3.0,38,2.4,1.3,5,0.3,15,0.9,235,14.7,Laval
6,Karl Demers-Belanger,16,16,529,33.1,61,192,31.8,27,103,26.2,40,56,71.4,6,24,30,1.9,34,2,59,3.7,39,2.4,1.5,0,0.0,18,1.1,189,11.8,Laval
11,Charles-Andre Edorh,16,16,407,25.4,49,150,32.7,4,15,26.7,32,56,57.1,28,82,110,6.9,53,2,25,1.6,43,2.7,0.6,5,0.3,20,1.3,134,8.4,Laval
20,John-Fitzgerald Metayer,6,-,87,14.5,14,32,43.8,4,14,28.6,8,9,88.9,4,7,11,1.8,12,0,6,1.0,11,1.8,0.5,0,0.0,7,1.2,40,6.7,Laval
9,Vladimir Thomas,12,-,177,14.8,22,76,28.9,12,47,25.5,13,22,59.1,11,17,28,2.3,20,0,14,1.2,18,1.5,0.8,2,0.2,10,0.8,69,5.8,Laval
21,Frantson Demosthene,9,-,157,17.4,20,39,51.3,0,2,0.0,7,31,22.6,23,23,46,5.1,14,0,3,0.3,17,1.9,0.2,0,0.0,4,0.4,47,5.2,Laval
24,Antoine Beaumier,14,13,305,21.8,27,74,36.5,11,25,44.0,8,11,72.7,12,35,47,3.4,33,1,25,1.8,17,1.2,1.5,1,0.1,15,1.1,73,5.2,Laval
13,Daniel Mutanda,16,3,277,17.3,26,56,46.4,1,9,11.1,15,29,51.7,28,50,78,4.9,45,2,10,0.6,14,0.9,0.7,4,0.3,13,0.8,68,4.3,Laval
14,Julien Muir,3,-,33,11.0,3,5,60.0,0,0,-,2,2,100.0,4,6,10,3.3,6,1,0,0.0,1,0.3,0.0,0,0.0,1,0.3,8,2.7,Laval
25,Mathieu Toussaint,2,-,16,8.0,1,3,33.3,1,1,100.0,1,2,50.0,1,3,4,2.0,4,0,3,1.5,2,1.0,1.5,0,0.0,0,0.0,4,2.0,Laval
4,Laurier Beaulac-Dufresne,14,3,172,12.3,10,15,66.7,2,3,66.7,1,8,12.5,5,13,18,1.3,17,0,10,0.7,12,0.9,0.8,3,0.2,5,0.4,23,1.6,Laval
7,Antoine Guilard,4,-,35,8.8,2,6,33.3,0,0,-,2,6,33.3,4,2,6,1.5,3,0,1,0.3,3,0.8,0.3,0,0.0,0,0.0,6,1.5,Laval
22,Thierry Frederic,6,-,25,4.2,3,9,33.3,0,1,0.0,0,0,-,2,3,5,0.8,2,0,0,0.0,4,0.7,0.0,0,0.0,0,0.0,6,1.0,Laval
12,Vincent Marier,2,-,1,.5,0,0,-,0,0,-,0,0,-,1,0,1,0.5,0,0,0,0.0,0,0.0,-,0,0.0,0,0.0,0,0.0,Laval
01,Brandon Brine,20,18,617,30.9,138,274,50.4,50,125,40.0,54,69,78.3,32,102,134,6.7,46,0,35,1.8,37,1.9,0.9,33,1.7,26,1.3,380,19.0,Lethbridge
12,Rob Olsen,18,18,511,28.4,107,232,46.1,33,79,41.8,22,29,75.9,17,67,84,4.7,39,1,53,2.9,51,2.8,1.0,2,0.1,25,1.4,269,14.9,Lethbridge
05,Dejon Burdeaux,17,15,452,26.6,72,144,50.0,2,5,40.0,65,83,78.3,35,44,79,4.6,43,1,59,3.5,40,2.4,1.5,1,0.1,57,3.4,211,12.4,Lethbridge
09,Zac Overwater,20,14,436,21.8,75,150,50.0,17,42,40.5,40,62,64.5,17,51,68,3.4,59,4,19,1.0,46,2.3,0.4,8,0.4,21,1.1,207,10.4,Lethbridge
07,Michael Pierzchala,20,2,383,19.2,48,124,38.7,28,81,34.6,26,33,78.8,22,50,72,3.6,43,3,19,1.0,23,1.2,0.8,2,0.1,14,0.7,150,7.5,Lethbridge
11,Jared Baker,20,20,581,29.1,44,129,34.1,23,80,28.8,21,34,61.8,23,72,95,4.8,53,0,69,3.5,34,1.7,2.0,2,0.1,32,1.6,132,6.6,Lethbridge
21,Christopher Maughan,19,4,229,12.1,47,88,53.4,0,0,-,24,34,70.6,31,37,68,3.6,37,0,10,0.5,20,1.1,0.5,8,0.4,12,0.6,118,6.2,Lethbridge
15,Carl Hoffman,14,1,122,8.7,26,51,51.0,0,0,-,18,41,43.9,14,21,35,2.5,12,0,3,0.2,10,0.7,0.3,2,0.1,0,0.0,70,5.0,Lethbridge
10,Joshua Sparkes,20,4,366,18.3,31,75,41.3,18,43,41.9,10,11,90.9,4,30,34,1.7,26,1,34,1.7,31,1.6,1.1,2,0.1,11,0.6,90,4.5,Lethbridge
04,Lynden Nummi,8,3,92,11.5,5,13,38.5,1,2,50.0,12,12,100.0,2,12,14,1.8,14,0,15,1.9,10,1.3,1.5,0,0.0,7,0.9,23,2.9,Lethbridge
06,Spencer Lambert,3,-,22,7.3,2,3,66.7,1,1,100.0,2,2,100.0,1,2,3,1.0,4,0,1,0.3,0,0.0,-,0,0.0,0,0.0,7,2.3,Lethbridge
14,William Hickey,13,-,92,7.1,7,27,25.9,4,15,26.7,9,13,69.2,5,4,9,0.7,8,0,9,0.7,13,1.0,0.7,0,0.0,1,0.1,27,2.1,Lethbridge
08,Jason Nysten,16,1,104,6.5,9,13,69.2,0,1,0.0,9,19,47.4,6,12,18,1.1,19,0,1,0.1,7,0.4,0.1,0,0.0,7,0.4,27,1.7,Lethbridge
20,Brian Prenoslo,4,-,16,4.0,1,4,25.0,1,3,33.3,0,0,-,0,2,2,0.5,2,0,1,0.3,1,0.3,1.0,0,0.0,0,0.0,3,0.8,Lethbridge
06,Denzel James,20,11,544,27.2,98,229,42.8,27,76,35.5,56,84,66.7,20,84,104,5.2,39,0,34,1.7,62,3.1,0.5,16,0.8,30,1.5,279,14.0,MacEwan
03,Thadius Galvez,20,20,614,30.7,97,222,43.7,28,76,36.8,46,66,69.7,14,68,82,4.1,29,0,70,3.5,40,2.0,1.8,0,0.0,41,2.1,268,13.4,MacEwan
13,Keith Gerdes,20,20,486,24.3,69,177,39.0,25,84,29.8,21,28,75.0,22,48,70,3.5,57,2,24,1.2,27,1.4,0.9,11,0.6,14,0.7,184,9.2,MacEwan
05,Chris Mooney,15,15,426,28.4,56,132,42.4,6,22,27.3,16,30,53.3,25,75,100,6.7,53,3,47,3.1,42,2.8,1.1,2,0.1,20,1.3,134,8.9,MacEwan
14,Ryan Coleman,14,-,225,16.1,48,88,54.5,2,2,100.0,27,32,84.4,28,29,57,4.1,20,0,4,0.3,15,1.1,0.3,1,0.1,2,0.1,125,8.9,MacEwan
15,Ryan May,20,20,443,22.2,56,118,47.5,14,31,45.2,41,54,75.9,31,50,81,4.1,72,4,27,1.4,27,1.4,1.0,1,0.1,13,0.7,167,8.4,MacEwan
00,Thomas Jereniuk,20,13,534,26.7,36,104,34.6,19,64,29.7,20,28,71.4,17,34,51,2.6,21,0,47,2.4,32,1.6,1.5,0,0.0,12,0.6,111,5.6,MacEwan
01,Tarik Scott,15,-,205,13.7,18,58,31.0,12,41,29.3,6,10,60.0,3,19,22,1.5,20,0,8,0.5,9,0.6,0.9,1,0.1,8,0.5,54,3.6,MacEwan
10,Harrison Lane,19,-,252,13.3,22,60,36.7,4,10,40.0,20,38,52.6,10,25,35,1.8,37,0,13,0.7,23,1.2,0.6,4,0.2,2,0.1,68,3.6,MacEwan
08,Atlas St Paul-Butler,15,-,143,9.5,12,28,42.9,4,12,33.3,7,9,77.8,10,16,26,1.7,19,0,9,0.6,9,0.6,1.0,5,0.3,9,0.6,35,2.3,MacEwan
02,David Grange,10,1,60,6.0,5,16,31.3,3,11,27.3,0,0,-,5,3,8,0.8,5,0,2,0.2,4,0.4,0.5,0,0.0,1,0.1,13,1.3,MacEwan
04,Deonte Doslov-Doctor,10,-,74,7.4,4,13,30.8,1,4,25.0,2,2,100.0,2,13,15,1.5,7,0,6,0.6,9,0.9,0.7,0,0.0,3,0.3,11,1.1,MacEwan
12,Cole Aikens,6,-,15,2.5,1,3,33.3,0,0,-,0,0,-,1,1,2,0.3,2,0,0,0.0,3,0.5,0.0,0,0.0,2,0.3,2,0.3,MacEwan
07,Tony Wolter,2,-,3,1.5,0,1,0.0,0,1,0.0,0,0,-,1,0,1,0.5,1,-,0,0.0,0,0.0,-,0,0.0,1,0.5,0,0.0,MacEwan
04,Aj Basi,20,20,701,35.1,122,314,38.9,59,159,37.1,54,61,88.5,9,49,58,2.9,36,0,49,2.5,38,1.9,1.3,5,0.3,29,1.5,357,17.9,Manitoba
06,Justus Alleyn,20,20,659,33.0,115,268,42.9,36,90,40.0,45,68,66.2,12,62,74,3.7,58,1,58,2.9,44,2.2,1.3,9,0.5,21,1.1,311,15.6,Manitoba
02,Keith Omoerah,20,20,681,34.1,104,212,49.1,11,44,25.0,45,84,53.6,48,147,195,9.8,44,1,75,3.8,44,2.2,1.7,7,0.4,41,2.1,264,13.2,Manitoba
05,Ilarion Bonhomme,12,-,265,22.1,46,103,44.7,11,34,32.4,20,34,58.8,4,27,31,2.6,29,0,45,3.8,39,3.3,1.2,0,0.0,17,1.4,123,10.3,Manitoba
12,Wyatt Anders,17,17,549,32.3,53,115,46.1,0,0,-,46,62,74.2,48,119,167,9.8,44,1,49,2.9,33,1.9,1.5,10,0.6,20,1.2,152,8.9,Manitoba
14,Brett Jewell,20,19,416,20.8,60,129,46.5,0,0,-,27,50,54.0,33,37,70,3.5,53,1,25,1.3,24,1.2,1.0,2,0.1,8,0.4,147,7.4,Manitoba
09,Jonathan Alexander,19,3,355,18.7,50,90,55.6,0,2,0.0,28,48,58.3,37,49,86,4.5,52,2,14,0.7,8,0.4,1.8,7,0.4,8,0.4,128,6.7,Manitoba
15,Osahon Eghosa,8,-,47,5.9,13,20,65.0,0,0,-,9,16,56.3,7,6,13,1.6,13,0,1,0.1,6,0.8,0.2,2,0.3,1,0.1,35,4.4,Manitoba
01,Joseph Medrano,11,-,86,7.8,16,39,41.0,9,30,30.0,1,3,33.3,0,7,7,0.6,8,0,1,0.1,9,0.8,0.1,0,0.0,1,0.1,42,3.8,Manitoba
07,Malik Irwin,18,-,185,10.3,17,42,40.5,2,9,22.2,15,19,78.9,14,32,46,2.6,34,0,12,0.7,13,0.7,0.9,4,0.2,7,0.4,51,2.8,Manitoba
08,Amir Ali,18,1,111,6.2,7,33,21.2,3,26,11.5,14,17,82.4,6,11,17,0.9,19,0,4,0.2,5,0.3,0.8,0,0.0,6,0.3,31,1.7,Manitoba
10,Saajan Arora,5,-,15,3.0,2,8,25.0,1,6,16.7,0,0,-,0,2,2,0.4,4,0,1,0.2,1,0.2,1.0,0,0.0,0,0.0,5,1.0,Manitoba
03,Keenan Benarroch,11,-,26,2.4,1,8,12.5,0,2,0.0,4,4,100.0,0,1,1,0.1,2,0,3,0.3,0,0.0,-,0,0.0,0,0.0,6,0.5,Manitoba
4,Jenning Leung,14,14,421,30.1,60,171,35.1,26,89,29.2,29,50,58.0,6,26,32,2.3,32,0,40,2.9,33,2.4,1.2,0,0.0,13,0.9,175,12.5,McGill
3,Dele Ogundokun,16,16,520,32.5,66,176,37.5,25,83,30.1,24,33,72.7,37,75,112,7.0,26,0,50,3.1,43,2.7,1.2,9,0.6,32,2.0,181,11.3,McGill
23,Vincent Dufort,16,16,418,26.1,61,151,40.4,11,41,26.8,27,39,69.2,34,95,129,8.1,38,1,43,2.7,33,2.1,1.3,6,0.4,20,1.3,160,10.0,McGill
21,Tychon Carter-Newman,16,9,450,28.1,58,130,44.6,11,38,28.9,27,41,65.9,32,27,59,3.7,47,3,33,2.1,28,1.8,1.2,5,0.3,15,0.9,154,9.6,McGill
12,Noah Daoust,16,2,272,17.0,55,111,49.5,17,44,38.6,16,20,80.0,16,29,45,2.8,55,2,26,1.6,21,1.3,1.2,8,0.5,8,0.5,143,8.9,McGill
22,Francois Bourque,13,12,257,19.8,45,82,54.9,3,9,33.3,15,39,38.5,21,46,67,5.2,30,2,17,1.3,28,2.2,0.6,5,0.4,11,0.8,108,8.3,McGill
11,Michael Peterkin,16,-,312,19.5,32,85,37.6,0,10,0.0,31,42,73.8,44,51,95,5.9,29,0,14,0.9,26,1.6,0.5,8,0.5,19,1.2,95,5.9,McGill
15,Michael Richard,2,-,16,8.0,5,5,100.0,0,0,-,0,0,-,3,4,7,3.5,3,0,0,0.0,2,1.0,0.0,2,1.0,1,0.5,10,5.0,McGill
13,Abdul Atta,6,2,65,10.8,12,25,48.0,0,0,-,1,3,33.3,7,13,20,3.3,14,1,0,0.0,2,0.3,0.0,1,0.2,3,0.5,25,4.2,McGill
5,Jawara Pedican,13,7,213,16.4,18,56,32.1,5,25,20.0,2,9,22.2,9,20,29,2.2,16,0,3,0.2,10,0.8,0.3,3,0.2,10,0.8,43,3.3,McGill
14,Sebastian Beckett,11,-,76,6.9,11,32,34.4,1,6,16.7,6,11,54.5,10,13,23,2.1,13,0,4,0.4,8,0.7,0.5,0,0.0,2,0.2,29,2.6,McGill
6,Isaiah Cummins,15,1,126,8.4,11,37,29.7,2,10,20.0,3,5,60.0,2,6,8,0.5,20,0,10,0.7,14,0.9,0.7,0,0.0,5,0.3,27,1.8,McGill
9,Avery Cadogan,4,-,28,7.0,2,7,28.6,0,2,0.0,0,1,0.0,3,5,8,2.0,4,0,6,1.5,2,0.5,3.0,1,0.3,0,0.0,4,1.0,McGill
8,Daniel Pieper,6,-,20,3.3,2,6,33.3,2,4,50.0,0,0,-,1,1,2,0.3,2,0,0,0.0,2,0.3,0.0,0,0.0,2,0.3,6,1.0,McGill
10,Andrew Peterson,13,1,79,6.1,2,18,11.1,2,11,18.2,0,0,-,2,4,6,0.5,10,0,4,0.3,5,0.4,0.8,0,0.0,3,0.2,6,0.5,McGill
3,Leon Alexander,18,17,522,29.0,120,255,47.1,13,37,35.1,85,130,65.4,35,70,105,5.8,41,0,44,2.4,53,2.9,0.8,9,0.5,28,1.6,338,18.8,McMaster
5,Troy Joseph,19,18,515,27.1,101,201,50.2,29,76,38.2,28,43,65.1,29,94,123,6.5,48,1,30,1.6,42,2.2,0.7,18,0.9,29,1.5,259,13.6,McMaster
23,Aaron Redpath,19,18,579,30.5,77,196,39.3,26,93,28.0,54,84,64.3,23,77,100,5.3,44,0,62,3.3,46,2.4,1.3,7,0.4,53,2.8,234,12.3,McMaster
22,Rohan Boney,17,7,385,22.6,72,132,54.5,3,17,17.6,37,59,62.7,43,74,117,6.9,20,0,44,2.6,26,1.5,1.7,10,0.6,11,0.6,184,10.8,McMaster
11,Connor Gilmore,14,13,350,25.0,56,129,43.4,21,54,38.9,16,22,72.7,23,57,80,5.7,36,1,22,1.6,21,1.5,1.0,3,0.2,8,0.6,149,10.6,McMaster
4,Trevon McNeil,17,11,396,23.3,42,121,34.7,19,61,31.1,35,46,76.1,11,28,39,2.3,37,0,32,1.9,21,1.2,1.5,1,0.1,18,1.1,138,8.1,McMaster
44,Lazar Kojovic,19,-,295,15.5,41,89,46.1,17,50,34.0,14,20,70.0,26,31,57,3.0,36,1,14,0.7,20,1.1,0.7,12,0.6,19,1.0,113,5.9,McMaster
21,David McCulloch,17,1,413,24.3,34,66,51.5,8,31,25.8,22,25,88.0,9,34,43,2.5,33,0,26,1.5,30,1.8,0.9,2,0.1,21,1.2,98,5.8,McMaster
6,Chris Thompson,16,-,143,8.9,17,50,34.0,7,30,23.3,7,15,46.7,6,10,16,1.0,17,0,11,0.7,11,0.7,1.0,1,0.1,5,0.3,48,3.0,McMaster
10,Matt Quiring,13,5,131,10.1,11,27,40.7,0,7,0.0,0,3,0.0,10,21,31,2.4,19,0,1,0.1,11,0.8,0.1,4,0.3,1,0.1,22,1.7,McMaster
42,Jan Hirjak,8,-,23,2.9,4,11,36.4,0,0,-,3,6,50.0,2,5,7,0.9,3,0,1,0.1,2,0.3,0.5,0,0.0,0,0.0,11,1.4,McMaster
25,Andre Toic,5,-,10,2.0,1,3,33.3,0,0,-,3,5,60.0,1,3,4,0.8,3,0,0,0.0,0,0.0,-,0,0.0,2,0.4,5,1.0,McMaster
33,Marko Grahovac,6,-,17,2.8,1,4,25.0,0,3,0.0,2,3,66.7,0,2,2,0.3,0,0,2,0.3,0,0.0,-,0,0.0,0,0.0,4,0.7,McMaster
12,Danylo Kostecki,7,-,20,2.9,1,9,11.1,1,7,14.3,0,0,-,1,0,1,0.1,2,0,0,0.0,0,0.0,-,1,0.1,1,0.1,3,0.4,McMaster
45,Lucas Marsden,3,-,11,3.7,0,3,0.0,0,1,0.0,0,0,-,1,2,3,1.0,3,0,0,0.0,2,0.7,0.0,0,0.0,1,0.3,0,0.0,McMaster
9,Jason Quiring,1,-,0,.0,0,0,-,0,0,-,0,0,-,0,0,0,0.0,0,0,0,0.0,0,0.0,-,0,0.0,0,0.0,0,0.0,McMaster
44,Vasilije Curcic,17,17,569,33.5,132,277,47.7,20,57,35.1,62,85,72.9,42,97,139,8.2,42,1,32,1.9,37,2.2,0.9,33,1.9,8,0.5,346,20.4,Memorial
33,Caleb Gould,19,18,541,28.5,112,239,46.9,2,8,25.0,68,91,74.7,63,97,160,8.4,33,0,34,1.8,42,2.2,0.8,2,0.1,11,0.6,294,15.5,Memorial
22,Daniel Gordon,20,8,511,25.6,81,222,36.5,33,112,29.5,43,52,82.7,17,43,60,3.0,46,0,47,2.4,57,2.9,0.8,3,0.2,18,0.9,238,11.9,Memorial
5,Davion Parnsalu,20,20,637,31.9,61,189,32.3,15,60,25.0,86,112,76.8,16,68,84,4.2,38,0,84,4.2,41,2.1,2.0,1,0.1,35,1.8,223,11.2,Memorial
7,Noel Moffatt,20,16,470,23.5,80,177,45.2,15,69,21.7,30,40,75.0,34,84,118,5.9,36,0,28,1.4,24,1.2,1.2,3,0.2,30,1.5,205,10.3,Memorial
14,Alphaeus Kisusi,20,14,372,18.6,45,108,41.7,20,57,35.1,13,23,56.5,4,34,38,1.9,33,0,22,1.1,28,1.4,0.8,3,0.2,5,0.3,123,6.2,Memorial
40,Austin Chambers,18,-,166,9.2,17,41,41.5,10,25,40.0,8,9,88.9,4,15,19,1.1,9,0,11,0.6,9,0.5,1.2,0,0.0,5,0.3,52,2.9,Memorial
52,Jovan Babovic,16,2,265,16.6,14,42,33.3,2,19,10.5,13,24,54.2,9,30,39,2.4,31,2,28,1.8,18,1.1,1.6,2,0.1,15,0.9,43,2.7,Memorial
24,Deng Ring,16,4,171,10.7,14,35,40.0,3,8,37.5,7,12,58.3,6,15,21,1.3,18,0,10,0.6,15,0.9,0.7,3,0.2,7,0.4,38,2.4,Memorial
12,Liam Dunphy,18,-,115,6.4,12,37,32.4,8,30,26.7,4,4,100.0,5,11,16,0.9,5,0,5,0.3,1,0.1,5.0,0,0.0,0,0.0,36,2.0,Memorial
9,Kieran Hawksley,15,-,88,5.9,10,29,34.5,4,16,25.0,1,2,50.0,2,8,10,0.7,11,1,10,0.7,4,0.3,2.5,1,0.1,2,0.1,25,1.7,Memorial
13,Greg Manuel,18,1,137,7.6,11,31,35.5,0,0,-,3,7,42.9,10,9,19,1.1,6,0,6,0.3,4,0.2,1.5,0,0.0,4,0.2,25,1.4,Memorial
11,Jacob Hynes,17,-,84,4.9,4,5,80.0,1,1,100.0,0,0,-,2,5,7,0.4,8,-,6,0.4,6,0.4,1.0,1,0.1,0,0.0,9,0.5,Memorial
15,Brett Layton,20,20,578,28.9,127,233,54.5,0,1,0.0,86,164,52.4,84,140,224,11.2,44,0,32,1.6,43,2.2,0.7,53,2.7,38,1.9,340,17.0,Mount
08,Derek Wolf,20,20,647,32.4,109,268,40.7,49,140,35.0,36,46,78.3,11,63,74,3.7,35,0,58,2.9,61,3.1,1.0,4,0.2,25,1.3,303,15.2,Mount
11,James Lefebvre,20,20,595,29.8,104,208,50.0,2,7,28.6,66,117,56.4,57,81,138,6.9,46,2,28,1.4,38,1.9,0.7,15,0.8,26,1.3,276,13.8,Mount
13,Glen Yang,20,20,556,27.8,74,203,36.5,13,61,21.3,50,67,74.6,10,45,55,2.8,46,0,56,2.8,43,2.2,1.3,0,0.0,25,1.3,211,10.6,Mount
12,Noah Lewis,4,4,95,23.8,7,24,29.2,5,16,31.3,3,4,75.0,1,4,5,1.3,6,-,8,2.0,9,2.3,0.9,0,0.0,2,0.5,22,5.5,Mount
07,Neil Phillip,20,16,430,21.5,38,96,39.6,7,35,20.0,15,27,55.6,17,42,59,3.0,52,1,23,1.2,32,1.6,0.7,15,0.8,18,0.9,98,4.9,Mount
06,Matthew Gray,19,-,208,10.9,28,67,41.8,12,32,37.5,14,21,66.7,3,23,26,1.4,18,0,18,0.9,24,1.3,0.8,1,0.1,7,0.4,82,4.3,Mount
02,Ray Goff,20,-,229,11.5,29,65,44.6,0,2,0.0,20,39,51.3,28,28,56,2.8,43,2,6,0.3,27,1.4,0.2,7,0.4,2,0.1,78,3.9,Mount
05,Ryan Cunningham,15,-,182,12.1,22,55,40.0,5,20,25.0,9,17,52.9,5,24,29,1.9,28,0,12,0.8,22,1.5,0.5,1,0.1,10,0.7,58,3.9,Mount
09,Tyis Yellow Horn,18,-,296,16.4,18,58,31.0,12,38,31.6,18,25,72.0,6,21,27,1.5,11,0,26,1.4,21,1.2,1.2,1,0.1,8,0.4,66,3.7,Mount
14,Tethloach Thokhuom,20,-,157,7.9,8,24,33.3,0,1,0.0,4,4,100.0,12,38,50,2.5,14,0,3,0.2,19,1.0,0.2,16,0.8,3,0.2,20,1.0,Mount
13,Marcus Lewis,19,19,634,33.4,88,216,40.7,2,17,11.8,89,116,76.7,31,106,137,7.2,44,1,39,2.1,94,4.9,0.4,5,0.3,30,1.6,267,14.1,Nipissing
6,Jordon Campbell,11,11,334,30.4,40,138,29.0,10,39,25.6,17,22,77.3,16,40,56,5.1,19,0,31,2.8,17,1.5,1.8,3,0.3,14,1.3,107,9.7,Nipissing
4,Joey Puddister,19,16,622,32.7,51,145,35.2,36,96,37.5,22,28,78.6,12,41,53,2.8,46,0,76,4.0,38,2.0,2.0,0,0.0,20,1.1,160,8.4,Nipissing
5,Marvin Ngonadi,19,19,434,22.8,56,135,41.5,0,0,-,36,56,64.3,40,42,82,4.3,50,2,14,0.7,41,2.2,0.3,2,0.1,6,0.3,148,7.8,Nipissing
9,Kalil Langston,19,6,409,21.5,47,108,43.5,9,32,28.1,24,31,77.4,48,66,114,6.0,47,1,12,0.6,31,1.6,0.4,16,0.8,9,0.5,127,6.7,Nipissing
10,Ismael Kaba,6,1,84,14.0,12,24,50.0,9,19,47.4,1,2,50.0,1,2,3,0.5,2,0,7,1.2,6,1.0,1.2,1,0.2,3,0.5,34,5.7,Nipissing
8,Jordan Roberts,19,4,272,14.3,41,93,44.1,0,1,0.0,21,31,67.7,25,28,53,2.8,22,0,5,0.3,17,0.9,0.3,1,0.1,6,0.3,103,5.4,Nipissing
11,Wil Konybai,17,4,239,14.1,32,98,32.7,18,67,26.9,9,12,75.0,7,19,26,1.5,20,0,9,0.5,28,1.6,0.3,1,0.1,7,0.4,91,5.4,Nipissing
7,Jerron Rhodes,19,11,488,25.7,31,113,27.4,4,28,14.3,34,43,79.1,9,42,51,2.7,30,1,47,2.5,45,2.4,1.0,0,0.0,23,1.2,100,5.3,Nipissing
2,Michael Angenent,14,5,165,11.8,17,39,43.6,2,5,40.0,12,17,70.6,8,24,32,2.3,18,1,5,0.4,13,0.9,0.4,0,0.0,3,0.2,48,3.4,Nipissing
12,Kemel Archer,2,-,3,1.5,1,3,33.3,0,1,0.0,0,0,-,0,0,0,0.0,0,0,0,0.0,0,0.0,-,0,0.0,0,0.0,2,1.0,Nipissing
22,Chris Kolar,9,-,22,2.4,1,4,25.0,0,1,0.0,0,0,-,0,0,0,0.0,4,0,3,0.3,0,0.0,-,0,0.0,0,0.0,2,0.2,Nipissing
23,Marcos Clennon,1,-,7,7.0,0,2,0.0,0,0,-,0,0,-,0,1,1,1.0,0,0,0,0.0,0,0.0,-,1,1.0,1,1.0,0,0.0,Nipissing
21,D'Shawn Johnson,1,-,0,.0,0,1,0.0,0,1,0.0,0,0,-,0,0,0,0.0,0,0,0,0.0,0,0.0,-,0,0.0,0,0.0,0,0.0,Nipissing
11,Mike L'Africain,19,19,596,31.4,135,283,47.7,51,122,41.8,67,78,85.9,10,59,69,3.6,27,1,101,5.3,57,3.0,1.8,3,0.2,36,1.9,388,20.4,Ottawa
06,Caleb Agada,14,12,380,27.1,80,153,52.3,18,47,38.3,43,67,64.2,27,94,121,8.6,34,1,55,3.9,36,2.6,1.5,7,0.5,38,2.7,221,15.8,Ottawa
13,Nathan McCarthy,19,19,386,20.3,86,142,60.6,0,1,0.0,40,61,65.6,30,78,108,5.7,32,0,14,0.7,25,1.3,0.6,39,2.1,3,0.2,212,11.2,Ottawa
15,Brody Maracle,16,-,272,17.0,60,93,64.5,0,0,-,33,51,64.7,24,50,74,4.6,28,0,15,0.9,23,1.4,0.7,4,0.3,9,0.6,153,9.6,Ottawa
09,Matt Plunkett,18,-,377,20.9,56,111,50.5,39,89,43.8,9,10,90.0,18,61,79,4.4,31,0,20,1.1,16,0.9,1.3,9,0.5,21,1.2,160,8.9,Ottawa
01,Vikas Gill,19,19,393,20.7,46,116,39.7,24,77,31.2,13,18,72.2,20,41,61,3.2,23,0,27,1.4,18,0.9,1.5,4,0.2,12,0.6,129,6.8,Ottawa
10,Brandon Robinson,19,5,373,19.6,36,115,31.3,21,75,28.0,34,41,82.9,8,37,45,2.4,26,0,13,0.7,20,1.1,0.7,7,0.4,18,0.9,127,6.7,Ottawa
05,Mehdi Tihani,19,15,453,23.8,38,93,40.9,21,63,33.3,18,28,64.3,15,45,60,3.2,44,0,43,2.3,21,1.1,2.0,7,0.4,27,1.4,115,6.1,Ottawa
07,Mackenzie Morrison,15,5,240,16.0,21,45,46.7,9,25,36.0,10,13,76.9,17,41,58,3.9,19,1,4,0.3,10,0.7,0.4,3,0.2,5,0.3,61,4.1,Ottawa
22,Noel Jones,13,-,73,5.6,14,21,66.7,0,0,-,5,6,83.3,3,9,12,0.9,14,0,1,0.1,7,0.5,0.1,8,0.6,0,0.0,33,2.5,Ottawa
31,Zach Traer,3,1,21,7.0,2,4,50.0,2,3,66.7,0,0,-,0,1,1,0.3,0,0,0,0.0,1,0.3,0.0,0,0.0,0,0.0,6,2.0,Ottawa
03,Calvin Epistola,19,-,147,7.7,12,36,33.3,5,25,20.0,6,12,50.0,2,15,17,0.9,18,0,13,0.7,16,0.8,0.8,0,0.0,12,0.6,35,1.8,Ottawa
12,Andrew DeGroot,7,-,28,4.0,2,7,28.6,0,1,0.0,2,7,28.6,4,4,8,1.1,4,0,0,0.0,1,0.1,0.0,1,0.1,1,0.1,6,0.9,Ottawa
14,Malick Turenne,14,-,42,3.0,2,5,40.0,1,4,25.0,0,4,0.0,2,2,4,0.3,2,0,1,0.1,5,0.4,0.2,0,0.0,1,0.1,5,0.4,Ottawa
7,Sukhpreet Singh,19,19,600,31.6,148,326,45.4,23,73,31.5,104,138,75.4,27,89,116,6.1,39,1,58,3.1,74,3.9,0.8,1,0.1,33,1.7,423,22.3,Queen's
12,Tanner Graham,17,17,528,31.1,76,190,40.0,37,109,33.9,38,50,76.0,27,97,124,7.3,30,0,18,1.1,25,1.5,0.7,30,1.8,12,0.7,227,13.4,Queen's
20,Ryall Stroud,18,18,366,20.3,53,122,43.4,0,0,-,57,86,66.3,31,51,82,4.6,62,2,16,0.9,17,0.9,0.9,5,0.3,7,0.4,163,9.1,Queen's
11,Patrick Street,7,2,151,21.6,21,53,39.6,8,30,26.7,10,14,71.4,5,11,16,2.3,13,0,4,0.6,6,0.9,0.7,0,0.0,4,0.6,60,8.6,Queen's
14,Andrew Mavety,18,4,317,17.6,46,98,46.9,32,62,51.6,12,14,85.7,22,26,48,2.7,17,0,12,0.7,15,0.8,0.8,0,0.0,13,0.7,136,7.6,Queen's
22,Mark Paclibar,19,3,354,18.6,33,87,37.9,10,40,25.0,23,27,85.2,6,42,48,2.5,43,0,35,1.8,37,1.9,0.9,0,0.0,15,0.8,99,5.2,Queen's
6,Mike Shoveller,19,16,333,17.5,39,100,39.0,8,33,24.2,8,12,66.7,22,72,94,4.9,38,0,12,0.6,21,1.1,0.6,19,1.0,2,0.1,94,4.9,Queen's
8,Jesse Graham,19,-,215,11.3,38,74,51.4,0,5,0.0,15,22,68.2,17,33,50,2.6,24,0,10,0.5,19,1.0,0.5,4,0.2,1,0.1,91,4.8,Queen's
13,Sammy Ayisi,19,16,438,23.1,30,90,33.3,12,31,38.7,11,14,78.6,7,40,47,2.5,23,1,24,1.3,25,1.3,1.0,1,0.1,17,0.9,83,4.4,Queen's
10,Vincent Wood,13,-,147,11.3,14,32,43.8,5,12,41.7,5,10,50.0,9,14,23,1.8,15,0,10,0.8,14,1.1,0.7,0,0.0,4,0.3,38,2.9,Queen's
21,Mike Blumel,17,-,193,11.4,12,25,48.0,2,7,28.6,15,29,51.7,7,20,27,1.6,11,0,1,0.1,13,0.8,0.1,0,0.0,2,0.1,41,2.4,Queen's
9,Russell Winters,14,-,95,6.8,6,18,33.3,0,2,0.0,2,2,100.0,10,11,21,1.5,11,0,2,0.1,4,0.3,0.5,0,0.0,3,0.2,14,1.0,Queen's
23,Cameron McKinnon,2,-,0,.0,0,0,-,0,0,-,0,0,-,0,0,0,0.0,0,-,0,0.0,0,0.0,-,0,0.0,0,0.0,0,0.0,Queen's
15,Ross Vrana-Godwin,6,-,0,.0,0,0,-,0,0,-,0,0,-,0,0,0,0.0,0,-,0,0.0,0,0.0,-,0,0.0,0,0.0,0,0.0,Queen's
06,Jonathan Tull,20,20,614,30.7,111,262,42.4,18,77,23.4,97,131,74.0,33,70,103,5.2,46,2,42,2.1,52,2.6,0.8,6,0.3,49,2.5,337,16.9,Regina
05,Brandon Tull,20,20,533,26.7,81,185,43.8,17,59,28.8,56,81,69.1,31,44,75,3.8,61,3,39,2.0,32,1.6,1.2,6,0.3,40,2.0,235,11.8,Regina
04,Alex Igual,20,20,518,25.9,81,218,37.2,39,117,33.3,14,33,42.4,12,99,111,5.6,31,0,49,2.5,46,2.3,1.1,1,0.1,32,1.6,215,10.8,Regina
01,Aaron McGowan,20,-,457,22.9,56,152,36.8,22,60,36.7,54,68,79.4,4,66,70,3.5,34,1,55,2.8,49,2.5,1.1,3,0.2,27,1.4,188,9.4,Regina
11,Brian Ofori,20,-,387,19.4,61,120,50.8,1,4,25.0,34,53,64.2,39,56,95,4.8,50,2,27,1.4,32,1.6,0.8,21,1.1,18,0.9,157,7.9,Regina
15,Will Tallman,20,20,520,26.0,52,124,41.9,22,55,40.0,15,20,75.0,33,71,104,5.2,47,0,18,0.9,15,0.8,1.2,4,0.2,10,0.5,141,7.1,Regina
07,Travis Sylvestre,18,4,284,15.8,51,110,46.4,2,14,14.3,19,37,51.4,28,43,71,3.9,34,0,14,0.8,24,1.3,0.6,7,0.4,3,0.2,123,6.8,Regina
14,Stephen Shields,20,16,329,16.5,60,122,49.2,2,9,22.2,13,32,40.6,41,51,92,4.6,33,0,18,0.9,22,1.1,0.8,8,0.4,7,0.4,135,6.8,Regina
08,Mike Malecha,16,-,155,9.7,16,49,32.7,10,38,26.3,5,9,55.6,2,12,14,0.9,25,0,9,0.6,7,0.4,1.3,1,0.1,6,0.4,47,2.9,Regina
10,Rawane Ndiaye,8,-,64,8.0,7,27,25.9,0,0,-,8,12,66.7,5,10,15,1.9,14,0,0,0.0,10,1.3,0.0,1,0.1,1,0.1,22,2.8,Regina
02,Samuel Hillis,18,-,103,5.7,7,22,31.8,3,14,21.4,2,6,33.3,5,13,18,1.0,17,0,4,0.2,10,0.6,0.4,0,0.0,2,0.1,19,1.1,Regina
03,Gurkirat Kular,5,-,18,3.6,0,4,0.0,0,3,0.0,1,4,25.0,0,0,0,0.0,4,0,1,0.2,3,0.6,0.3,0,0.0,0,0.0,1,0.2,Regina
09,Brandon Buttazoni,5,-,16,3.2,0,2,0.0,0,1,0.0,0,0,-,0,0,0,0.0,0,0,1,0.2,2,0.4,0.5,0,0.0,0,0.0,0,0.0,Regina
12,Aaron Best,16,14,484,30.3,100,197,50.8,37,85,43.5,47,57,82.5,32,86,118,7.4,26,0,29,1.8,39,2.4,0.7,6,0.4,12,0.8,284,17.8,Ryerson
21,Adika Peter-McNeilly,19,19,591,31.1,101,236,42.8,37,95,38.9,47,51,92.2,29,76,105,5.5,25,0,83,4.4,27,1.4,3.1,6,0.3,37,1.9,286,15.1,Ryerson
4,Ammanuel Diressa,18,7,454,25.2,92,191,48.2,34,90,37.8,50,66,75.8,18,78,96,5.3,43,1,53,2.9,34,1.9,1.6,3,0.2,16,0.9,268,14.9,Ryerson
15,Kadeem Green,14,5,290,20.7,62,137,45.3,3,11,27.3,24,38,63.2,37,60,97,6.9,33,1,8,0.6,12,0.9,0.7,28,2.0,10,0.7,151,10.8,Ryerson
6,Roshane Roberts,18,13,457,25.4,67,169,39.6,27,69,39.1,27,37,73.0,10,50,60,3.3,25,0,41,2.3,29,1.6,1.4,1,0.1,26,1.4,188,10.4,Ryerson
8,Jean-Victor Mukama,13,6,292,22.5,40,82,48.8,19,50,38.0,18,29,62.1,14,50,64,4.9,34,1,13,1.0,27,2.1,0.5,6,0.5,14,1.1,117,9.0,Ryerson
10,Filip Vujadinovic,19,7,336,17.7,52,115,45.2,16,55,29.1,19,27,70.4,16,77,93,4.9,57,1,19,1.0,30,1.6,0.6,12,0.6,19,1.0,139,7.3,Ryerson
22,Juwon Grannum,17,16,356,20.9,44,99,44.4,14,38,36.8,10,14,71.4,36,49,85,5.0,32,1,14,0.8,15,0.9,0.9,9,0.5,12,0.7,112,6.6,Ryerson
9,Adam Voll,11,6,177,16.1,17,49,34.7,2,11,18.2,12,19,63.2,18,20,38,3.5,30,1,5,0.5,8,0.7,0.6,11,1.0,3,0.3,48,4.4,Ryerson
5,JP Kambola,2,1,29,14.5,2,5,40.0,1,2,50.0,1,2,50.0,1,5,6,3.0,2,0,1,0.5,3,1.5,0.3,3,1.5,1,0.5,6,3.0,Ryerson
23,Derrick Allahyarian,12,-,120,10.0,10,38,26.3,8,32,25.0,2,4,50.0,6,11,17,1.4,14,0,2,0.2,5,0.4,0.4,0,0.0,1,0.1,30,2.5,Ryerson
3,Andy Agyepong,16,1,118,7.4,12,41,29.3,1,16,6.3,11,11,100.0,4,13,17,1.1,15,0,13,0.8,14,0.9,0.9,1,0.1,9,0.6,36,2.3,Ryerson
11,Theodrose Demeke,11,-,45,4.1,5,16,31.3,4,9,44.4,5,5,100.0,3,3,6,0.5,6,0,1,0.1,8,0.7,0.1,1,0.1,5,0.5,19,1.7,Ryerson
14,Jupvir Atwal,10,-,43,4.3,4,14,28.6,2,10,20.0,2,2,100.0,1,1,2,0.2,4,0,2,0.2,3,0.3,0.7,1,0.1,2,0.2,12,1.2,Ryerson
11,Brian Rouse,19,18,627,33.0,130,254,51.2,7,24,29.2,71,110,64.5,37,87,124,6.5,49,0,57,3.0,39,2.1,1.5,9,0.5,29,1.5,338,17.8,Saint
22,Theon Reefer,20,18,626,31.3,126,313,40.3,23,84,27.4,38,66,57.6,34,84,118,5.9,60,1,38,1.9,55,2.8,0.7,13,0.7,26,1.3,313,15.7,Saint
15,Osman Barrie,18,17,516,28.7,108,192,56.3,0,3,0.0,55,81,67.9,72,104,176,9.8,55,3,21,1.2,53,2.9,0.4,10,0.6,16,0.9,271,15.1,Saint
8,Marquis Clayton,16,10,470,29.4,67,179,37.4,28,88,31.8,46,55,83.6,7,39,46,2.9,28,0,55,3.4,39,2.4,1.4,4,0.3,17,1.1,208,13.0,Saint
12,Kemar Alleyne,20,19,650,32.5,88,182,48.4,22,54,40.7,60,76,78.9,20,80,100,5.0,66,5,47,2.4,27,1.4,1.7,1,0.1,21,1.1,258,12.9,Saint
6,Ryan Augustine,19,13,458,24.1,35,95,36.8,11,44,25.0,16,25,64.0,17,34,51,2.7,53,2,25,1.3,26,1.4,1.0,3,0.2,18,0.9,97,5.1,Saint
21,Achuil Lual,19,4,338,17.8,36,78,46.2,0,3,0.0,12,18,66.7,31,46,77,4.1,23,0,15,0.8,13,0.7,1.2,6,0.3,3,0.2,84,4.4,Saint
7,Aaron Fisher,9,1,75,8.3,12,21,57.1,0,0,-,8,11,72.7,10,13,23,2.6,19,1,2,0.2,7,0.8,0.3,4,0.4,1,0.1,32,3.6,Saint
5,Kadeem Thompson,18,-,157,8.7,12,48,25.0,8,35,22.9,7,10,70.0,4,10,14,0.8,19,0,12,0.7,12,0.7,1.0,0,0.0,7,0.4,39,2.2,Saint
13,Will Fiander,17,-,128,7.5,10,28,35.7,2,12,16.7,8,13,61.5,3,16,19,1.1,12,0,15,0.9,7,0.4,2.1,1,0.1,9,0.5,30,1.8,Saint
9,Alfred Burgesson,11,-,23,2.1,2,5,40.0,2,5,40.0,0,0,-,0,1,1,0.1,3,0,0,0.0,0,0.0,-,0,0.0,2,0.2,6,0.5,Saint
02,Evan Ostertag,20,17,638,31.9,96,239,40.2,37,106,34.9,66,87,75.9,15,46,61,3.1,33,0,47,2.4,44,2.2,1.1,2,0.1,19,1.0,295,14.8,Saskatchewan
14,Shane Osayande,12,12,316,26.3,55,126,43.7,4,20,20.0,52,69,75.4,46,77,123,10.3,36,2,13,1.1,20,1.7,0.7,19,1.6,18,1.5,166,13.8,Saskatchewan
04,Jauquin Bennett-Boire,10,10,305,30.5,52,127,40.9,14,39,35.9,14,20,70.0,4,21,25,2.5,27,0,31,3.1,38,3.8,0.8,1,0.1,5,0.5,132,13.2,Saskatchewan
01,Chan De Ciman,20,17,514,25.7,79,200,39.5,40,116,34.5,51,66,77.3,20,63,83,4.2,68,5,51,2.6,60,3.0,0.9,5,0.3,26,1.3,249,12.5,Saskatchewan
03,Shawn Lathan,19,18,523,27.5,72,179,40.2,31,88,35.2,25,51,49.0,30,62,92,4.8,53,1,22,1.2,29,1.5,0.8,5,0.3,29,1.5,200,10.5,Saskatchewan
00,Alex Unruh,20,1,329,16.5,54,113,47.8,19,48,39.6,32,46,69.6,7,24,31,1.6,52,1,36,1.8,41,2.1,0.9,0,0.0,20,1.0,159,8.0,Saskatchewan
15,Trevor Severinski,20,12,539,27.0,52,112,46.4,37,79,46.8,6,9,66.7,17,76,93,4.7,45,1,14,0.7,13,0.7,1.1,2,0.1,7,0.4,147,7.4,Saskatchewan
10,Mack Burns,20,10,400,20.0,33,85,38.8,2,22,9.1,20,26,76.9,39,82,121,6.1,52,1,10,0.5,25,1.3,0.4,7,0.4,9,0.5,88,4.4,Saskatchewan
06,Jonathan Karwacki,20,1,216,10.8,21,57,36.8,14,43,32.6,7,14,50.0,5,12,17,0.9,14,0,6,0.3,6,0.3,1.0,0,0.0,3,0.2,63,3.2,Saskatchewan
11,Joe Barker,18,2,212,11.8,18,38,47.4,0,0,-,16,19,84.2,23,41,64,3.6,24,0,2,0.1,14,0.8,0.1,0,0.0,6,0.3,52,2.9,Saskatchewan
09,Reid Thuringer,10,-,47,4.7,4,16,25.0,3,8,37.5,1,2,50.0,3,3,6,0.6,5,0,3,0.3,1,0.1,3.0,0,0.0,2,0.2,12,1.2,Saskatchewan
12,Devin Wittow,6,-,13,2.2,2,5,40.0,1,4,25.0,0,0,-,2,3,5,0.8,0,0,0,0.0,0,0.0,-,0,0.0,0,0.0,5,0.8,Saskatchewan
08,Jonathan Halvorson,1,-,2,2.0,0,0,-,0,0,-,0,0,-,0,1,1,1.0,0,-,0,0.0,0,0.0,-,0,0.0,0,0.0,0,0.0,Saskatchewan
7,Kevin Bercy,20,20,583,29.2,153,265,57.7,0,0,-,57,75,76.0,66,145,211,10.6,59,1,33,1.7,47,2.4,0.7,3,0.2,25,1.3,363,18.2,StFX
8,Julius Antoine,20,20,645,32.3,110,269,40.9,34,87,39.1,79,103,76.7,39,64,103,5.2,55,2,64,3.2,45,2.3,1.4,3,0.2,34,1.7,333,16.7,StFX
13,Cameron Walker,20,20,555,27.8,87,198,43.9,0,0,-,39,67,58.2,40,76,116,5.8,43,2,13,0.7,36,1.8,0.4,4,0.2,5,0.3,213,10.7,StFX
14,Akil Charles,13,7,288,22.2,42,104,40.4,8,34,23.5,26,37,70.3,6,25,31,2.4,24,0,25,1.9,16,1.2,1.6,1,0.1,12,0.9,118,9.1,StFX
1,Davonte Provo,20,20,644,32.2,52,137,38.0,18,51,35.3,38,56,67.9,7,62,69,3.5,40,1,126,6.3,64,3.2,2.0,1,0.1,24,1.2,160,8.0,StFX
5,Tristen Ross,20,5,415,20.8,45,144,31.3,30,103,29.1,8,8,100.0,5,14,19,1.0,12,0,22,1.1,19,1.0,1.2,1,0.1,12,0.6,128,6.4,StFX
9,Alastair Cole,18,4,253,14.1,34,81,42.0,5,19,26.3,29,40,72.5,12,24,36,2.0,33,0,9,0.5,19,1.1,0.5,2,0.1,13,0.7,102,5.7,StFX
20,Daniel Passley,16,1,170,10.6,18,29,62.1,3,4,75.0,1,9,11.1,6,28,34,2.1,15,-,7,0.4,7,0.4,1.0,1,0.1,2,0.1,40,2.5,StFX
21,Temitayo Shittu,17,1,148,8.7,19,43,44.2,0,0,-,3,7,42.9,10,21,31,1.8,22,-,4,0.2,9,0.5,0.4,1,0.1,3,0.2,41,2.4,StFX
4,Cameron Crieghtney,20,3,232,11.6,17,44,38.6,5,14,35.7,5,14,35.7,2,15,17,0.9,25,0,27,1.4,16,0.8,1.7,5,0.3,14,0.7,44,2.2,StFX
12,Brandon Velocci,7,1,64,9.1,4,7,57.1,3,4,75.0,0,0,-,2,2,4,0.6,5,0,0,0.0,3,0.4,0.0,1,0.1,1,0.1,11,1.6,StFX
10,Jason Hatch,19,3,163,8.6,9,30,30.0,4,17,23.5,4,4,100.0,9,11,20,1.1,9,0,15,0.8,9,0.5,1.7,1,0.1,5,0.3,26,1.4,StFX
22,Cassio Rodrigues,9,-,37,4.1,3,8,37.5,0,0,-,1,4,25.0,4,4,8,0.9,6,0,0,0.0,0,0.0,-,3,0.3,0,0.0,7,0.8,StFX
11,Josh Millar,17,1,105,6.2,4,18,22.2,0,2,0.0,5,10,50.0,5,12,17,1.0,12,-,2,0.1,8,0.5,0.3,2,0.1,3,0.2,13,0.8,StFX
15,Tyrel Edwards,1,1,40,40.0,0,0,-,0,0,-,0,0,-,0,0,0,0.0,0,-,0,0.0,0,0.0,-,0,0.0,0,0.0,0,0.0,StFX
14,Josh Wolfram,20,20,633,31.7,133,284,46.8,32,87,36.8,82,112,73.2,53,139,192,9.6,45,0,40,2.0,34,1.7,1.2,25,1.3,26,1.3,380,19.0,Thompson
15,Volodymyr Iegorov,20,19,636,31.8,134,250,53.6,32,77,41.6,67,81,82.7,32,110,142,7.1,49,0,47,2.4,57,2.9,0.8,13,0.7,25,1.3,367,18.4,Thompson
05,Reese Pribilsky,20,20,676,33.8,99,234,42.3,24,70,34.3,47,53,88.7,7,72,79,4.0,28,0,124,6.2,59,3.0,2.1,6,0.3,51,2.6,269,13.5,Thompson
08,Luke Morris,20,11,537,26.9,97,196,49.5,35,82,42.7,19,33,57.6,42,84,126,6.3,61,1,32,1.6,37,1.9,0.9,6,0.3,12,0.6,248,12.4,Thompson
13,Gerard Gore,12,8,229,19.1,40,88,45.5,1,2,50.0,22,31,71.0,16,39,55,4.6,22,0,13,1.1,16,1.3,0.8,4,0.3,7,0.6,103,8.6,Thompson
07,Albert Medrano,20,17,509,25.5,38,100,38.0,20,56,35.7,4,10,40.0,4,25,29,1.5,53,2,27,1.4,20,1.0,1.4,0,0.0,10,0.5,100,5.0,Thompson
04,Jeff Tubbs,20,3,439,22.0,28,80,35.0,9,41,22.0,12,13,92.3,0,38,38,1.9,44,1,31,1.6,25,1.3,1.2,4,0.2,10,0.5,77,3.9,Thompson
03,Mike Rouault,17,2,249,14.6,17,37,45.9,3,8,37.5,19,22,86.4,21,37,58,3.4,23,0,8,0.5,13,0.8,0.6,4,0.2,11,0.6,56,3.3,Thompson
11,Perry Terrell,3,-,8,2.7,1,2,50.0,1,2,50.0,0,1,0.0,0,1,1,0.3,1,0,1,0.3,0,0.0,-,0,0.0,0,0.0,3,1.0,Thompson
10,Evan Helgason,9,-,33,3.7,3,9,33.3,1,6,16.7,1,4,25.0,1,7,8,0.9,4,0,3,0.3,5,0.6,0.6,2,0.2,0,0.0,8,0.9,Thompson
02,Evan Cave,12,-,25,2.1,1,7,14.3,0,4,0.0,0,0,-,1,0,1,0.1,3,0,0,0.0,3,0.3,0.0,0,0.0,0,0.0,2,0.2,Thompson
09,Kyler Eckess,7,-,12,1.7,0,3,0.0,0,1,0.0,0,0,-,0,1,1,0.1,0,0,2,0.3,2,0.3,1.0,0,0.0,0,0.0,0,0.0,Thompson
6,Devin Johnson,19,17,586,30.8,141,333,42.3,31,95,32.6,113,139,81.3,45,97,142,7.5,38,1,27,1.4,56,2.9,0.5,4,0.2,27,1.4,426,22.4,Toronto
4,Devon Williams,18,17,496,27.6,77,190,40.5,43,117,36.8,19,27,70.4,6,46,52,2.9,47,1,42,2.3,45,2.5,0.9,1,0.1,16,0.9,216,12.0,Toronto
9,Manny Sahota,19,17,488,25.7,53,145,36.6,29,85,34.1,17,30,56.7,26,62,88,4.6,32,1,14,0.7,29,1.5,0.5,13,0.7,14,0.7,152,8.0,Toronto
23,Miroslavic Jaksic,14,2,167,11.9,46,96,47.9,3,12,25.0,16,28,57.1,18,29,47,3.4,23,0,1,0.1,17,1.2,0.1,5,0.4,2,0.1,111,7.9,Toronto
5,Sage Usher,19,19,555,29.2,43,118,36.4,19,53,35.8,33,39,84.6,7,50,57,3.0,47,1,84,4.4,48,2.5,1.8,6,0.3,29,1.5,138,7.3,Toronto
21,Daniel Johansson,19,19,411,21.6,57,152,37.5,1,4,25.0,20,28,71.4,38,44,82,4.3,40,0,11,0.6,22,1.2,0.5,4,0.2,3,0.2,135,7.1,Toronto
14,Wilson Torres,18,1,266,14.8,35,81,43.2,3,11,27.3,20,25,80.0,18,36,54,3.0,27,0,8,0.4,24,1.3,0.3,2,0.1,5,0.3,93,5.2,Toronto
12,Chase Ruttenberg,18,-,175,9.7,17,45,37.8,8,22,36.4,9,11,81.8,11,29,40,2.2,10,0,7,0.4,4,0.2,1.8,2,0.1,6,0.3,51,2.8,Toronto
15,Kwasi Oti-Awere,18,2,297,16.5,19,44,43.2,0,0,-,9,14,64.3,21,56,77,4.3,52,3,15,0.8,18,1.0,0.8,8,0.4,5,0.3,47,2.6,Toronto
11,Christopher Barrett,14,1,173,12.4,8,27,29.6,2,16,12.5,4,6,66.7,7,10,17,1.2,17,0,11,0.8,12,0.9,0.9,0,0.0,9,0.6,22,1.6,Toronto
10,Nicholas Morris,15,-,61,4.1,7,11,63.6,0,0,-,0,4,0.0,3,15,18,1.2,7,0,1,0.1,6,0.4,0.2,2,0.1,2,0.1,14,0.9,Toronto
22,Nikola Paradina,13,-,62,4.8,3,23,13.0,2,19,10.5,3,6,50.0,1,5,6,0.5,8,0,0,0.0,1,0.1,0.0,0,0.0,0,0.0,11,0.8,Toronto
3,Oluwaseun Olutogun,6,-,18,3.0,2,3,66.7,1,2,50.0,0,0,-,2,0,2,0.3,0,0,0,0.0,0,0.0,-,0,0.0,1,0.2,5,0.8,Toronto
02,Lucas Mannes,20,19,610,30.5,115,301,38.2,39,108,36.1,97,117,82.9,25,94,119,6.0,58,2,70,3.5,60,3.0,1.2,4,0.2,33,1.7,366,18.3,Trinity
05,Kelvin Smith,20,20,574,28.7,111,296,37.5,31,112,27.7,56,66,84.8,18,97,115,5.8,39,0,18,0.9,39,2.0,0.5,2,0.1,17,0.9,309,15.5,Trinity
03,Tyus Allen,5,4,139,27.8,31,54,57.4,1,2,50.0,10,18,55.6,6,25,31,6.2,15,-,17,3.4,19,3.8,0.9,1,0.2,7,1.4,73,14.6,Trinity
07,Vartan Tanielian,19,8,384,20.2,57,151,37.7,32,85,37.6,10,11,90.9,16,28,44,2.3,32,-,21,1.1,22,1.2,1.0,0,0.0,7,0.4,156,8.2,Trinity
04,Sebastian Eliasen,20,12,455,22.8,49,135,36.3,21,54,38.9,29,42,69.0,22,43,65,3.3,23,0,25,1.3,44,2.2,0.6,5,0.3,10,0.5,148,7.4,Trinity
00,Josiah Allison,17,1,223,13.1,27,73,37.0,15,47,31.9,12,18,66.7,5,20,25,1.5,28,1,10,0.6,14,0.8,0.7,0,0.0,4,0.2,81,4.8,Trinity
14,Patrick Vandervelden,20,8,384,19.2,37,113,32.7,3,15,20.0,14,23,60.9,17,72,89,4.5,43,2,8,0.4,8,0.4,1.0,23,1.2,4,0.2,91,4.6,Trinity
08,Eric Rogers,18,-,179,9.9,23,48,47.9,0,1,0.0,15,25,60.0,16,40,56,3.1,21,0,11,0.6,20,1.1,0.6,3,0.2,7,0.4,61,3.4,Trinity
06,Matt Blackaby,11,2,177,16.1,13,25,52.0,2,5,40.0,6,8,75.0,6,13,19,1.7,18,-,12,1.1,12,1.1,1.0,0,0.0,8,0.7,34,3.1,Trinity
12,Matt Hayashi,20,13,356,17.8,18,45,40.0,0,0,-,12,29,41.4,24,48,72,3.6,56,3,8,0.4,23,1.2,0.3,13,0.7,1,0.1,48,2.4,Trinity
10,Fraser Curry,10,-,66,6.6,8,25,32.0,1,7,14.3,6,10,60.0,4,7,11,1.1,5,0,0,0.0,3,0.3,0.0,0,0.0,1,0.1,23,2.3,Trinity
09,Peter Spangehl,18,10,350,19.4,11,41,26.8,4,15,26.7,2,4,50.0,10,19,29,1.6,45,1,15,0.8,24,1.3,0.6,0,0.0,5,0.3,28,1.6,Trinity
01,Nathan Allison,1,-,3,3.0,0,0,-,0,0,-,0,0,-,0,0,0,0.0,0,-,0,0.0,0,0.0,-,0,0.0,0,0.0,0,0.0,Trinity
13,Jesse Jeffers,1,-,0,.0,0,0,-,0,0,-,0,0,-,0,0,0,0.0,1,-,0,0.0,0,0.0,-,0,0.0,0,0.0,0,0.0,Trinity
06,Jordan Jensen-Whyte,20,20,591,29.6,89,185,48.1,8,30,26.7,114,135,84.4,32,68,100,5.0,33,0,62,3.1,43,2.2,1.4,2,0.1,19,1.0,300,15.0,UBC
09,Conor Morgan,20,20,516,25.8,107,252,42.5,22,83,26.5,60,91,65.9,26,119,145,7.3,63,2,33,1.7,51,2.6,0.6,30,1.5,25,1.3,296,14.8,UBC
08,David Wagner,17,17,453,26.6,92,162,56.8,7,25,28.0,15,28,53.6,30,63,93,5.5,29,0,16,0.9,40,2.4,0.4,10,0.6,7,0.4,206,12.1,UBC
07,Philip Jalalpoor,20,20,526,26.3,84,164,51.2,40,95,42.1,20,25,80.0,10,80,90,4.5,64,2,51,2.6,36,1.8,1.4,7,0.4,24,1.2,228,11.4,UBC
02,Will Ondrik,20,19,484,24.2,55,115,47.8,15,46,32.6,31,39,79.5,21,73,94,4.7,25,0,42,2.1,35,1.8,1.2,0,0.0,25,1.3,156,7.8,UBC
11,Patrick Simon,20,3,355,17.8,45,100,45.0,15,41,36.6,26,39,66.7,24,51,75,3.8,47,1,17,0.9,42,2.1,0.4,5,0.3,3,0.2,131,6.6,UBC
03,A J Holloway,20,1,437,21.9,39,111,35.1,8,34,23.5,42,52,80.8,13,53,66,3.3,49,0,47,2.4,44,2.2,1.1,4,0.2,22,1.1,128,6.4,UBC
05,Taylor Browne,20,-,254,12.7,34,76,44.7,21,54,38.9,4,6,66.7,9,26,35,1.8,29,0,11,0.6,16,0.8,0.7,2,0.1,8,0.4,93,4.7,UBC
15,Luka Zaharijevic,19,-,168,8.8,29,54,53.7,0,0,-,10,17,58.8,16,21,37,1.9,14,0,4,0.2,8,0.4,0.5,3,0.2,1,0.1,68,3.6,UBC
10,Dominic Gilbert,19,-,131,6.9,11,33,33.3,3,17,17.6,10,19,52.6,6,37,43,2.3,14,0,13,0.7,9,0.5,1.4,2,0.1,4,0.2,35,1.8,UBC
14,Roger Milne,13,-,53,4.1,7,11,63.6,2,3,66.7,2,4,50.0,4,6,10,0.8,6,0,2,0.2,4,0.3,0.5,1,0.1,1,0.1,18,1.4,UBC
01,Elijah Campbell-Axson,12,-,55,4.6,4,8,50.0,1,4,25.0,3,4,75.0,1,7,8,0.7,6,0,3,0.3,2,0.2,1.5,0,0.0,0,0.0,12,1.0,UBC
07,Aldrich Berrios,20,17,635,31.8,88,259,34.0,53,159,33.3,58,61,95.1,5,62,67,3.4,36,0,50,2.5,53,2.7,0.9,0,0.0,15,0.8,287,14.4,UBC
11,Mitch Goodwin,20,20,543,27.2,94,227,41.4,28,93,30.1,37,47,78.7,28,64,92,4.6,42,1,30,1.5,44,2.2,0.7,1,0.1,17,0.9,253,12.7,UBC
13,Dean Johnston,12,12,276,23.0,49,86,57.0,0,0,-,15,28,53.6,26,32,58,4.8,30,1,12,1.0,21,1.8,0.6,4,0.3,3,0.3,113,9.4,UBC
01,Randall Mosca,19,3,353,18.6,50,127,39.4,18,47,38.3,34,42,81.0,7,29,36,1.9,30,0,34,1.8,26,1.4,1.3,0,0.0,8,0.4,152,8.0,UBC
08,Cameron Servatius,18,10,409,22.7,40,111,36.0,7,30,23.3,36,39,92.3,21,50,71,3.9,50,1,20,1.1,33,1.8,0.6,7,0.4,18,1.0,123,6.8,UBC
09,Cameron Friesen,17,8,320,18.8,40,97,41.2,17,52,32.7,10,11,90.9,17,40,57,3.4,32,1,13,0.8,15,0.9,0.9,2,0.1,5,0.3,107,6.3,UBC
10,Buzz Truss,20,5,368,18.4,38,75,50.7,0,0,-,32,46,69.6,26,27,53,2.7,57,3,20,1.0,23,1.2,0.9,0,0.0,4,0.2,108,5.4,UBC
06,Austin Penrose,16,8,322,20.1,32,74,43.2,8,19,42.1,4,8,50.0,17,40,57,3.6,50,3,8,0.5,17,1.1,0.5,4,0.3,4,0.3,76,4.8,UBC
03,Spencer Thomas,20,11,484,24.2,29,92,31.5,7,25,28.0,13,34,38.2,17,70,87,4.4,40,1,38,1.9,40,2.0,1.0,2,0.1,21,1.1,78,3.9,UBC
14,Ryan Morck,11,-,78,7.1,10,29,34.5,2,7,28.6,4,6,66.7,9,16,25,2.3,23,0,1,0.1,8,0.7,0.1,2,0.2,2,0.2,26,2.4,UBC
00,Brian Ademba,11,6,105,9.5,4,14,28.6,0,0,-,1,2,50.0,12,13,25,2.3,14,0,1,0.1,11,1.0,0.1,2,0.2,0,0.0,9,0.8,UBC
04,Paulius Makulavicius,7,-,51,7.3,1,4,25.0,0,1,0.0,3,4,75.0,0,6,6,0.9,8,0,5,0.7,6,0.9,0.8,0,0.0,2,0.3,5,0.7,UBC
05,Patrick Dujmovic,9,-,55,6.1,2,6,33.3,1,1,100.0,1,4,25.0,5,9,14,1.6,6,0,1,0.1,5,0.6,0.2,0,0.0,1,0.1,6,0.7,UBC
11,Kevon Parchment,19,19,660,34.7,107,262,40.8,23,75,30.7,95,114,83.3,45,127,172,9.1,49,1,98,5.2,67,3.5,1.5,23,1.2,30,1.6,332,17.5,UFV
05,Vijay Dhillon,17,17,577,33.9,89,224,39.7,61,152,40.1,27,30,90.0,7,53,60,3.5,25,0,42,2.5,35,2.1,1.2,3,0.2,25,1.5,266,15.6,UFV
01,Mark Johnson,3,3,87,29.0,12,18,66.7,4,8,50.0,8,9,88.9,5,12,17,5.7,7,0,4,1.3,3,1.0,1.3,4,1.3,4,1.3,36,12.0,UFV
02,Manny Dulay,18,17,576,32.0,69,163,42.3,44,107,41.1,27,32,84.4,6,56,62,3.4,18,0,48,2.7,34,1.9,1.4,1,0.1,22,1.2,209,11.6,UFV
03,Nate Brown,12,12,276,23.0,51,99,51.5,2,11,18.2,31,45,68.9,12,36,48,4.0,32,2,8,0.7,24,2.0,0.3,7,0.6,5,0.4,135,11.3,UFV
08,Navjot Bains,20,20,611,30.6,64,130,49.2,0,0,-,20,29,69.0,39,105,144,7.2,61,4,35,1.8,31,1.6,1.1,12,0.6,9,0.5,148,7.4,UFV
12,Matt Cooley,19,8,380,20.0,59,116,50.9,1,4,25.0,9,18,50.0,39,75,114,6.0,56,4,23,1.2,25,1.3,0.9,12,0.6,10,0.5,128,6.7,UFV
07,Brandon Burke,17,1,309,18.2,40,99,40.4,8,30,26.7,25,43,58.1,12,45,57,3.4,35,1,17,1.0,18,1.1,0.9,1,0.1,3,0.2,113,6.6,UFV
06,Marcus Morgan,20,2,364,18.2,37,92,40.2,22,67,32.8,5,5,100.0,5,28,33,1.7,24,0,15,0.8,16,0.8,0.9,4,0.2,9,0.5,101,5.1,UFV
10,Sasha Otanga,3,-,18,6.0,2,2,100.0,0,0,-,2,2,100.0,0,5,5,1.7,6,0,0,0.0,1,0.3,0.0,0,0.0,1,0.3,6,2.0,UFV
04,Mahad Mohomed,10,1,92,9.2,6,14,42.9,1,3,33.3,0,0,-,5,5,10,1.0,6,0,9,0.9,18,1.8,0.5,1,0.1,2,0.2,13,1.3,UFV
09,Antonio Jhuty,4,-,19,4.8,1,7,14.3,1,5,20.0,0,0,-,1,2,3,0.8,5,0,0,0.0,2,0.5,0.0,0,0.0,0,0.0,3,0.8,UFV
13,Anand Nahal,1,-,0,.0,0,0,-,0,0,-,0,0,-,1,0,1,1.0,0,0,0,0.0,0,0.0,-,0,0.0,0,0.0,0,0.0,UFV
23,Javon Masters,20,20,694,34.7,185,377,49.1,25,88,28.4,165,188,87.8,12,77,89,4.5,36,0,76,3.8,49,2.5,1.6,1,0.1,41,2.1,560,28.0,UNB
3,Matt Daley,20,20,592,29.6,115,296,38.9,47,143,32.9,51,69,73.9,20,87,107,5.4,69,4,129,6.5,51,2.6,2.5,1,0.1,44,2.2,328,16.4,UNB
5,Jesse Kendall,20,20,637,31.9,102,221,46.2,56,142,39.4,31,38,81.6,14,20,34,1.7,47,0,30,1.5,23,1.2,1.3,2,0.1,12,0.6,291,14.6,UNB
14,Mark Matheson,20,20,543,27.2,86,200,43.0,39,94,41.5,23,29,79.3,43,112,155,7.8,56,1,30,1.5,23,1.2,1.3,6,0.3,18,0.9,234,11.7,UNB
7,Dylan Baker,20,8,467,23.4,41,109,37.6,21,60,35.0,21,27,77.8,24,70,94,4.7,67,6,35,1.8,26,1.3,1.3,12,0.6,18,0.9,124,6.2,UNB
10,Kaleefah Henry,18,12,441,24.5,36,101,35.6,10,37,27.0,12,20,60.0,25,70,95,5.3,44,0,40,2.2,28,1.6,1.4,8,0.4,15,0.8,94,5.2,UNB
8,Tyronn King,20,-,241,12.1,35,98,35.7,14,33,42.4,8,13,61.5,18,28,46,2.3,25,1,19,1.0,10,0.5,1.9,0,0.0,8,0.4,92,4.6,UNB
13,Temer Robinson Hermelijn,13,-,55,4.2,12,36,33.3,4,16,25.0,5,7,71.4,2,5,7,0.5,9,0,2,0.2,1,0.1,2.0,0,0.0,2,0.2,33,2.5,UNB
21,Ravaughn Gayle,13,-,183,14.1,12,26,46.2,0,1,0.0,5,6,83.3,16,18,34,2.6,48,3,9,0.7,7,0.5,1.3,3,0.2,2,0.2,29,2.2,UNB
12,Alex Caskey,20,-,178,8.9,16,32,50.0,0,0,-,4,6,66.7,19,21,40,2.0,43,1,4,0.2,8,0.4,0.5,7,0.4,6,0.3,36,1.8,UNB
4,Will Legere,7,-,21,3.0,1,5,20.0,0,2,0.0,1,1,100.0,2,2,4,0.6,3,0,2,0.3,1,0.1,2.0,0,0.0,0,0.0,3,0.4,UNB
6,Benjamin Redl,11,-,24,2.2,1,3,33.3,0,1,0.0,0,0,-,1,2,3,0.3,4,0,1,0.1,1,0.1,1.0,0,0.0,1,0.1,2,0.2,UNB
06,Rhys Elliott,20,20,705,35.3,129,306,42.2,40,105,38.1,62,91,68.1,17,83,100,5.0,52,1,45,2.3,46,2.3,1.0,3,0.2,31,1.6,360,18.0,UNBC
05,Billy Cheng,13,12,386,29.7,46,121,38.0,21,58,36.2,21,25,84.0,5,12,17,1.3,21,0,39,3.0,32,2.5,1.2,2,0.2,22,1.7,134,10.3,UNBC
03,Marcus MacKay,20,19,528,26.4,62,169,36.7,51,124,41.1,21,24,87.5,7,33,40,2.0,55,0,21,1.1,19,1.0,1.1,4,0.2,10,0.5,196,9.8,UNBC
02,Colin Plumb,20,20,575,28.8,61,164,37.2,18,69,26.1,51,81,63.0,25,104,129,6.5,35,2,38,1.9,37,1.9,1.0,0,0.0,7,0.4,191,9.6,UNBC
11,Vaggelis Loukas,20,3,368,18.4,43,97,44.3,10,28,35.7,25,35,71.4,33,45,78,3.9,57,2,17,0.9,27,1.4,0.6,6,0.3,19,1.0,121,6.1,UNBC
04,Elliot Rowe,15,4,381,25.4,33,89,37.1,19,55,34.5,5,7,71.4,10,13,23,1.5,25,0,20,1.3,17,1.1,1.2,0,0.0,9,0.6,90,6.0,UNBC
12,Austin Chandler,20,17,414,20.7,36,107,33.6,6,29,20.7,37,55,67.3,28,54,82,4.1,62,3,13,0.7,24,1.2,0.5,12,0.6,17,0.9,115,5.8,UNBC
01,Anthony Hokanson,20,-,189,9.5,15,47,31.9,7,25,28.0,22,37,59.5,11,19,30,1.5,11,0,2,0.1,6,0.3,0.3,2,0.1,3,0.2,59,3.0,UNBC
08,Saje Gosal,16,5,226,14.1,16,41,39.0,13,33,39.4,1,2,50.0,3,18,21,1.3,13,0,11,0.7,10,0.6,1.1,1,0.1,5,0.3,46,2.9,UNBC
13,Gagan Sahota,8,-,60,7.5,6,21,28.6,4,10,40.0,3,4,75.0,3,6,9,1.1,5,0,1,0.1,1,0.1,1.0,0,0.0,0,0.0,19,2.4,UNBC
15,Haydn Molcak,18,-,152,8.4,17,33,51.5,0,0,-,5,10,50.0,19,19,38,2.1,16,0,7,0.4,7,0.4,1.0,2,0.1,2,0.1,39,2.2,UNBC
10,Neal Randhawa,5,-,13,2.6,0,1,0.0,0,1,0.0,0,0,-,2,1,3,0.6,0,0,1,0.2,0,0.0,-,0,0.0,0,0.0,0,0.0,UNBC
2,Tyler Scott,19,19,622,32.7,161,376,42.8,63,164,38.4,92,115,80.0,29,116,145,7.6,41,0,64,3.4,42,2.2,1.5,10,0.5,26,1.4,477,25.1,UPEI
8,Bradley States,20,20,601,30.1,137,238,57.6,8,34,23.5,98,150,65.3,51,104,155,7.8,47,1,44,2.2,49,2.5,0.9,23,1.2,38,1.9,380,19.0,UPEI
24,Lorenzo Parker,17,-,396,23.3,72,175,41.1,21,58,36.2,39,48,81.3,35,44,79,4.6,42,0,32,1.9,22,1.3,1.5,0,0.0,10,0.6,204,12.0,UPEI
7,Dut Dut,20,20,502,25.1,82,201,40.8,18,64,28.1,31,42,73.8,65,94,159,8.0,48,1,20,1.0,32,1.6,0.6,6,0.3,17,0.9,213,10.7,UPEI
12,Milorad Sedlarevic,20,19,413,20.7,53,150,35.3,20,76,26.3,24,36,66.7,27,43,70,3.5,25,0,32,1.6,28,1.4,1.1,5,0.3,6,0.3,150,7.5,UPEI
10,Amin Suleman,19,4,251,13.2,46,102,45.1,16,39,41.0,13,18,72.2,8,22,30,1.6,20,1,29,1.5,21,1.1,1.4,0,0.0,12,0.6,121,6.4,UPEI
1,Jake Kendrick,20,-,328,16.4,33,102,32.4,20,64,31.3,22,29,75.9,1,39,40,2.0,24,0,46,2.3,28,1.4,1.6,1,0.1,12,0.6,108,5.4,UPEI
4,Zachary Usherwood,20,16,404,20.2,39,101,38.6,1,13,7.7,20,32,62.5,17,57,74,3.7,41,2,74,3.7,28,1.4,2.6,1,0.1,11,0.6,99,5.0,UPEI
11,Jonathan Hovingh,11,1,166,15.1,15,27,55.6,0,0,-,8,21,38.1,19,29,48,4.4,24,0,5,0.5,5,0.5,1.0,3,0.3,2,0.2,38,3.5,UPEI
22,Tevin Sutton-Stephenson,17,-,210,12.4,22,63,34.9,2,8,25.0,6,10,60.0,23,35,58,3.4,26,1,8,0.5,7,0.4,1.1,5,0.3,9,0.5,52,3.1,UPEI
15,Stefan Vujisic,8,1,32,4.0,6,7,85.7,0,0,-,0,0,-,1,3,4,0.5,6,0,1,0.1,2,0.3,0.5,1,0.1,1,0.1,12,1.5,UPEI
33,Hugh McLarty,12,-,21,1.8,3,5,60.0,0,0,-,2,2,100.0,2,2,4,0.3,3,0,1,0.1,1,0.1,1.0,0,0.0,1,0.1,8,0.7,UPEI
44,Kyle Welton,14,-,43,3.1,2,6,33.3,0,1,0.0,0,0,-,3,5,8,0.6,4,0,1,0.1,1,0.1,1.0,0,0.0,1,0.1,4,0.3,UPEI
08,Kewyn Blain,16,12,518,32.4,101,211,47.9,12,38,31.6,66,94,70.2,17,91,108,6.8,53,2,90,5.6,45,2.8,2.0,2,0.1,43,2.7,280,17.5,UQAM
12,Greishe Clerjuste,16,12,531,33.2,86,239,36.0,28,86,32.6,59,79,74.7,11,70,81,5.1,28,0,32,2.0,48,3.0,0.7,1,0.1,27,1.7,259,16.2,UQAM
14,Charles Miller,12,1,333,27.8,46,112,41.1,27,64,42.2,18,22,81.8,4,32,36,3.0,23,0,11,0.9,16,1.3,0.7,1,0.1,9,0.8,137,11.4,UQAM
10,Julien Girard,12,9,339,28.3,28,87,32.2,14,50,28.0,23,43,53.5,5,51,56,4.7,25,0,9,0.8,18,1.5,0.5,1,0.1,10,0.8,93,7.8,UQAM
07,Yassin Debache,16,6,315,19.7,37,83,44.6,0,0,-,17,30,56.7,36,65,101,6.3,58,4,8,0.5,21,1.3,0.4,32,2.0,9,0.6,91,5.7,UQAM
11,Rubens Poteau,16,5,325,20.3,34,98,34.7,0,8,0.0,11,21,52.4,16,34,50,3.1,31,0,12,0.8,16,1.0,0.8,4,0.3,7,0.4,79,4.9,UQAM
24,Davidson Joseph,9,3,140,15.6,11,34,32.4,2,10,20.0,5,11,45.5,7,30,37,4.1,15,0,15,1.7,21,2.3,0.7,0,0.0,10,1.1,29,3.2,UQAM
04,Henrilo Londole,13,1,123,9.5,20,45,44.4,0,1,0.0,1,9,11.1,17,23,40,3.1,26,1,2,0.2,12,0.9,0.2,6,0.5,2,0.2,41,3.2,UQAM
22,Rudy Caufriez,13,7,193,14.8,18,45,40.0,0,0,-,4,8,50.0,12,15,27,2.1,37,2,6,0.5,10,0.8,0.6,13,1.0,2,0.2,40,3.1,UQAM
23,Christopher Joseph,10,-,71,7.1,8,34,23.5,4,17,23.5,5,6,83.3,1,7,8,0.8,5,0,1,0.1,4,0.4,0.3,1,0.1,0,0.0,25,2.5,UQAM
21,Simon Lavoie-Lavallee,13,3,96,7.4,8,28,28.6,0,1,0.0,3,9,33.3,8,10,18,1.4,16,0,4,0.3,4,0.3,1.0,1,0.1,2,0.2,19,1.5,UQAM
20,Nicolas Audet,13,6,159,12.2,7,22,31.8,0,3,0.0,4,6,66.7,4,13,17,1.3,18,0,13,1.0,11,0.8,1.2,5,0.4,5,0.4,18,1.4,UQAM
05,Samuel Bokanga,5,-,16,3.2,0,2,0.0,0,1,0.0,0,0,-,0,2,2,0.4,2,0,2,0.4,1,0.2,2.0,0,0.0,1,0.2,0,0.0,UQAM
06,Loris Bonneau,2,-,4,2.0,0,0,-,0,0,-,0,0,-,0,1,1,0.5,1,0,1,0.5,3,1.5,0.3,0,0.0,0,0.0,0,0.0,UQAM
06,Mack Roth,20,20,565,28.3,119,251,47.4,11,53,20.8,60,68,88.2,30,56,86,4.3,67,4,6,0.3,42,2.1,0.1,4,0.2,13,0.7,309,15.5,Victoria
00,Grant Sitton,20,15,533,26.7,103,239,43.1,27,71,38.0,54,66,81.8,29,68,97,4.9,56,0,33,1.7,45,2.3,0.7,25,1.3,14,0.7,287,14.4,Victoria
10,Jordan Charles,20,19,618,30.9,73,195,37.4,37,113,32.7,23,29,79.3,16,74,90,4.5,33,0,27,1.4,21,1.1,1.3,7,0.4,13,0.7,206,10.3,Victoria
04,Reiner Theil,20,20,668,33.4,65,159,40.9,21,68,30.9,20,31,64.5,28,115,143,7.2,43,0,39,2.0,32,1.6,1.2,4,0.2,21,1.1,171,8.6,Victoria
09,Brandon Dunlop,20,15,487,24.4,41,116,35.3,27,74,36.5,25,35,71.4,9,49,58,2.9,43,3,65,3.3,29,1.5,2.2,0,0.0,20,1.0,134,6.7,Victoria
08,Joshua Charles,18,1,219,12.2,26,64,40.6,5,13,38.5,18,24,75.0,11,29,40,2.2,33,0,8,0.4,22,1.2,0.4,2,0.1,1,0.1,75,4.2,Victoria
05,Kai Greene,20,3,268,13.4,30,89,33.7,10,27,37.0,8,16,50.0,4,13,17,0.9,28,0,26,1.3,22,1.1,1.2,0,0.0,9,0.5,78,3.9,Victoria
11,Justin Kinnear,19,5,221,11.6,28,61,45.9,3,7,42.9,15,21,71.4,26,35,61,3.2,23,0,2,0.1,10,0.5,0.2,5,0.3,6,0.3,74,3.9,Victoria
14,Hassan Abdullahi,19,2,200,10.5,19,50,38.0,3,10,30.0,16,27,59.3,16,26,42,2.2,18,0,7,0.4,13,0.7,0.5,4,0.2,6,0.3,57,3.0,Victoria
07,Tyus Barfoot,13,-,71,5.5,7,13,53.8,3,6,50.0,2,5,40.0,2,6,8,0.6,5,0,4,0.3,2,0.2,2.0,2,0.2,5,0.4,19,1.5,Victoria
02,Taylor Montgomery-St,11,-,64,5.8,4,11,36.4,1,6,16.7,1,2,50.0,2,5,7,0.6,12,0,2,0.2,3,0.3,0.7,0,0.0,2,0.2,10,0.9,Victoria
15,Hayden Lejeune,10,-,48,4.8,4,10,40.0,0,0,-,0,8,0.0,7,8,15,1.5,3,0,0,0.0,0,0.0,-,2,0.2,2,0.2,8,0.8,Victoria
03,Jon Ravenhorst,20,19,690,34.5,110,299,36.8,56,158,35.4,47,72,65.3,17,68,85,4.3,59,1,46,2.3,59,3.0,0.8,1,0.1,21,1.1,323,16.2,Waterloo
07,Ben Davis,20,19,534,26.7,104,270,38.5,24,80,30.0,51,80,63.8,29,62,91,4.6,59,3,31,1.6,62,3.1,0.5,15,0.8,16,0.8,283,14.2,Waterloo
20,Mike Pereira,14,13,380,27.1,61,126,48.4,4,16,25.0,25,40,62.5,57,107,164,11.7,43,4,13,0.9,29,2.1,0.4,4,0.3,5,0.4,151,10.8,Waterloo
06,Dylan Phillips,20,19,650,32.5,72,209,34.4,46,125,36.8,21,29,72.4,10,59,69,3.5,40,2,37,1.9,58,2.9,0.6,2,0.1,18,0.9,211,10.6,Waterloo
14,Muhammad Anwar,20,8,389,19.5,60,139,43.2,0,0,-,35,55,63.6,44,90,134,6.7,65,3,15,0.8,30,1.5,0.5,11,0.6,12,0.6,155,7.8,Waterloo
09,David Bajic,20,2,350,17.5,47,120,39.2,0,15,0.0,11,20,55.0,36,58,94,4.7,20,0,5,0.3,22,1.1,0.2,1,0.1,4,0.2,105,5.3,Waterloo
10,Kristian Vande Kemp,20,9,387,19.4,24,91,26.4,14,62,22.6,16,26,61.5,17,29,46,2.3,36,3,12,0.6,13,0.7,0.9,1,0.1,8,0.4,78,3.9,Waterloo
08,Brandon Francis-Jean-Pierre,4,-,29,7.3,3,3,100.0,0,0,-,0,1,0.0,4,9,13,3.3,3,0,1,0.3,4,1.0,0.3,1,0.3,1,0.3,6,1.5,Waterloo
05,John Pagado,16,4,210,13.1,8,28,28.6,4,15,26.7,3,6,50.0,1,12,13,0.8,12,0,21,1.3,12,0.8,1.8,0,0.0,4,0.3,23,1.4,Waterloo
15,Ahmed Ismail,7,-,39,5.6,4,19,21.1,1,13,7.7,0,0,-,2,1,3,0.4,3,0,2,0.3,2,0.3,1.0,3,0.4,0,0.0,9,1.3,Waterloo
13,Zachary Marchildon,15,1,113,7.5,5,17,29.4,4,11,36.4,4,11,36.4,2,9,11,0.7,15,0,7,0.5,6,0.4,1.2,1,0.1,2,0.1,18,1.2,Waterloo
12,Bradd Smith,10,-,68,6.8,4,17,23.5,0,0,-,4,8,50.0,9,8,17,1.7,17,0,1,0.1,6,0.6,0.2,0,0.0,3,0.3,12,1.2,Waterloo
04,Matthew Gray,14,-,106,7.6,1,8,12.5,1,3,33.3,3,5,60.0,0,8,8,0.6,9,0,2,0.1,5,0.4,0.4,0,0.0,1,0.1,6,0.4,Waterloo
24,Nathan Boon,7,1,13,1.9,0,1,0.0,0,1,0.0,0,0,-,0,0,0,0.0,1,0,0,0.0,0,0.0,-,0,0.0,0,0.0,0,0.0,Waterloo
12,Greg Morrow,20,19,699,35.0,189,362,52.2,9,31,29.0,93,130,71.5,38,104,142,7.1,49,1,47,2.4,65,3.3,0.7,3,0.2,30,1.5,480,24.0,Western
10,Peter Scholtes,20,19,593,29.7,109,226,48.2,16,54,29.6,39,61,63.9,35,77,112,5.6,41,1,22,1.1,36,1.8,0.6,2,0.1,18,0.9,273,13.7,Western
22,Anthony Spiridis,20,15,530,26.5,100,215,46.5,9,30,30.0,61,91,67.0,22,43,65,3.3,60,4,16,0.8,51,2.6,0.3,2,0.1,27,1.4,270,13.5,Western
07,Jedson Tavernier,20,11,405,20.3,40,142,28.2,13,85,15.3,18,29,62.1,6,55,61,3.1,35,0,16,0.8,17,0.9,0.9,1,0.1,17,0.9,111,5.6,Western
05,Tom Filgiano,20,19,661,33.1,29,81,35.8,10,35,28.6,38,55,69.1,32,92,124,6.2,50,0,34,1.7,36,1.8,0.9,0,0.0,41,2.1,106,5.3,Western
06,Alex Coote,19,11,420,22.1,32,95,33.7,23,70,32.9,10,13,76.9,9,41,50,2.6,31,0,12,0.6,14,0.7,0.9,2,0.1,12,0.6,97,5.1,Western
08,Eric McDonald,16,-,116,7.3,12,43,27.9,5,23,21.7,5,9,55.6,6,16,22,1.4,18,0,2,0.1,5,0.3,0.4,1,0.1,7,0.4,34,2.1,Western
13,Ian Smart,18,-,223,12.4,9,36,25.0,1,15,6.7,5,11,45.5,3,28,31,1.7,19,0,13,0.7,20,1.1,0.7,3,0.2,3,0.2,24,1.3,Western
20,Nikola Farkic,20,-,276,13.8,8,22,36.4,5,14,35.7,3,4,75.0,6,22,28,1.4,21,1,15,0.8,13,0.7,1.2,0,0.0,12,0.6,24,1.2,Western
15,Alex Otzyv,8,-,26,3.3,1,4,25.0,0,0,-,2,4,50.0,0,6,6,0.8,4,0,1,0.1,1,0.1,1.0,0,0.0,0,0.0,4,0.5,Western
04,Elliot Dooley,14,1,63,4.5,2,7,28.6,0,1,0.0,2,4,50.0,3,4,7,0.5,11,0,3,0.2,5,0.4,0.6,0,0.0,3,0.2,6,0.4,Western
14,Chris Fitzgerald,1,-,1,1.0,0,0,-,0,0,-,0,0,-,0,0,0,0.0,1,0,0,0.0,0,0.0,-,0,0.0,0,0.0,0,0.0,Western
09,Bronson Fridal,1,-,1,1.0,0,0,-,0,0,-,0,0,-,0,0,0,0.0,0,0,0,0.0,0,0.0,-,0,0.0,0,0.0,0,0.0,Western
23,Michael Simonetta,5,-,6,1.2,0,4,0.0,0,3,0.0,0,0,-,0,0,0,0.0,1,0,0,0.0,0,0.0,-,0,0.0,0,0.0,0,0.0,Western
9,Alex Campbell,20,18,659,33.0,153,333,45.9,34,91,37.4,90,124,72.6,39,92,131,6.6,53,2,63,3.2,34,1.7,1.9,11,0.6,24,1.2,430,21.5,Windsor
13,Isiah Osborne,20,19,649,32.5,101,241,41.9,41,112,36.6,56,78,71.8,15,83,98,4.9,32,1,45,2.3,48,2.4,0.9,5,0.3,23,1.2,299,15.0,Windsor
11,Marko Kovac,20,16,503,25.2,88,202,43.6,46,112,41.1,21,33,63.6,14,55,69,3.5,62,4,44,2.2,40,2.0,1.1,6,0.3,27,1.4,243,12.2,Windsor
10,Mike Rocca,19,17,606,31.9,55,153,35.9,32,103,31.1,34,45,75.6,24,70,94,4.9,46,0,85,4.5,37,1.9,2.3,0,0.0,29,1.5,176,9.3,Windsor
22,Tyler Persaud,20,11,419,21.0,65,145,44.8,10,31,32.3,22,34,64.7,25,91,116,5.8,59,3,19,1.0,42,2.1,0.5,4,0.2,16,0.8,162,8.1,Windsor
12,Randy Oriakhi,13,6,203,15.6,30,64,46.9,0,0,-,17,35,48.6,31,42,73,5.6,30,1,3,0.2,11,0.8,0.3,1,0.1,15,1.2,77,5.9,Windsor
20,Lucas Orlita,16,-,195,12.2,23,59,39.0,12,36,33.3,5,13,38.5,6,20,26,1.6,16,0,6,0.4,8,0.5,0.8,0,0.0,7,0.4,63,3.9,Windsor
15,Micah Kirubel,20,4,400,20.0,24,76,31.6,14,57,24.6,6,7,85.7,3,20,23,1.2,33,0,23,1.2,19,1.0,1.2,1,0.1,15,0.8,68,3.4,Windsor
8,Kahame Msiska,20,3,221,11.1,28,63,44.4,0,0,-,6,8,75.0,18,27,45,2.3,22,0,5,0.3,10,0.5,0.5,4,0.2,7,0.4,62,3.1,Windsor
14,Pim Hurkmans,14,1,83,5.9,8,20,40.0,0,2,0.0,2,2,100.0,2,6,8,0.6,20,0,1,0.1,6,0.4,0.2,2,0.1,0,0.0,18,1.3,Windsor
5,Damian Persaud,11,-,43,3.9,2,10,20.0,0,1,0.0,4,5,80.0,1,4,5,0.5,6,0,1,0.1,4,0.4,0.3,0,0.0,1,0.1,8,0.7,Windsor
4,Vincenzo Caccavo,5,-,10,2.0,0,2,0.0,0,0,-,0,0,-,1,1,2,0.4,0,0,0,0.0,1,0.2,0.0,0,0.0,0,0.0,0,0.0,Windsor
21,Tobi Ojajuni,1,-,0,.0,0,0,-,0,0,-,0,0,-,0,0,0,0.0,0,0,0,0.0,0,0.0,-,0,0.0,0,0.0,0,0.0,Windsor
00,Denzel Lynch-Blair,16,16,499,31.2,91,205,44.4,13,41,31.7,85,118,72.0,16,49,65,4.1,26,0,59,3.7,60,3.8,1.0,5,0.3,45,2.8,280,17.5,Winnipeg
07,Jelane Pryce,20,19,656,32.8,118,295,40.0,18,78,23.1,49,86,57.0,33,72,105,5.3,32,1,32,1.6,41,2.1,0.8,28,1.4,23,1.2,303,15.2,Winnipeg
12,Jamar Farley,20,20,624,31.2,66,189,34.9,39,107,36.4,34,40,85.0,9,57,66,3.3,38,0,49,2.5,35,1.8,1.4,4,0.2,33,1.7,205,10.3,Winnipeg
11,William Sesay,19,16,536,28.2,57,142,40.1,21,68,30.9,49,58,84.5,26,104,130,6.8,41,1,48,2.5,49,2.6,1.0,5,0.3,34,1.8,184,9.7,Winnipeg
14,Ryan Oirbans,20,19,586,29.3,74,156,47.4,0,1,0.0,24,43,55.8,68,93,161,8.1,64,3,28,1.4,40,2.0,0.7,35,1.8,26,1.3,172,8.6,Winnipeg
04,Marcello Kambola,15,2,261,17.4,36,92,39.1,22,58,37.9,15,22,68.2,6,25,31,2.1,23,1,9,0.6,10,0.7,0.9,4,0.3,9,0.6,109,7.3,Winnipeg
09,Nathaniel Johnson,19,1,231,12.2,18,63,28.6,10,40,25.0,8,10,80.0,7,46,53,2.8,33,2,8,0.4,17,0.9,0.5,9,0.5,13,0.7,54,2.8,Winnipeg
05,Denzel Soliven,20,3,274,13.7,17,67,25.4,10,49,20.4,5,8,62.5,5,15,20,1.0,17,0,19,1.0,31,1.6,0.6,0,0.0,10,0.5,49,2.5,Winnipeg
13,Connor Ward,10,-,54,5.4,8,16,50.0,4,11,36.4,3,5,60.0,3,6,9,0.9,7,0,8,0.8,4,0.4,2.0,1,0.1,2,0.2,23,2.3,Winnipeg
15,Kieran McGrath,14,1,104,7.4,3,6,50.0,3,5,60.0,2,4,50.0,4,4,8,0.6,4,0,2,0.1,3,0.2,0.7,0,0.0,3,0.2,11,0.8,Winnipeg
08,Kahlil Lakay,13,-,61,4.7,5,10,50.0,0,0,-,0,2,0.0,2,10,12,0.9,5,0,1,0.1,1,0.1,1.0,1,0.1,0,0.0,10,0.8,Winnipeg
02,Jevon Marshall,7,-,27,3.9,1,9,11.1,1,3,33.3,1,2,50.0,1,4,5,0.7,3,0,0,0.0,2,0.3,0.0,0,0.0,2,0.3,4,0.6,Winnipeg
8,Nathan Culbreath,19,16,561,29.5,107,239,44.8,19,68,27.9,67,79,84.8,43,70,113,5.9,49,0,32,1.7,44,2.3,0.7,4,0.2,20,1.1,300,15.8,York
3,Shane Reader,12,12,369,30.8,68,147,46.3,21,65,32.3,10,13,76.9,7,45,52,4.3,27,0,67,5.6,58,4.8,1.2,2,0.2,33,2.8,167,13.9,York
5,Gene Spagnuolo,17,8,371,21.8,61,151,40.4,19,52,36.5,36,46,78.3,14,34,48,2.8,46,2,21,1.2,22,1.3,1.0,2,0.1,13,0.8,177,10.4,York
11,Tommy Hobbs,19,19,515,27.1,71,181,39.2,22,77,28.6,22,28,78.6,30,76,106,5.6,29,0,14,0.7,20,1.1,0.7,4,0.2,13,0.7,186,9.8,York
4,Philip Gillen,16,13,444,27.8,41,114,36.0,19,66,28.8,35,54,64.8,18,45,63,3.9,37,0,30,1.9,19,1.2,1.6,7,0.4,20,1.3,136,8.5,York
23,Daniel Tulloch,7,3,134,19.1,18,47,38.3,4,20,20.0,7,19,36.8,12,18,30,4.3,14,1,7,1.0,16,2.3,0.4,3,0.4,6,0.9,47,6.7,York
10,Jayden Fredrick,19,7,377,19.8,47,107,43.9,17,51,33.3,8,14,57.1,32,29,61,3.2,37,1,29,1.5,36,1.9,0.8,8,0.4,14,0.7,119,6.3,York
20,Brandon Ramirez,16,1,213,13.3,32,72,44.4,2,9,22.2,16,30,53.3,19,30,49,3.1,27,0,4,0.3,5,0.3,0.8,3,0.2,3,0.2,82,5.1,York
2,Raheem Isaac,9,-,143,15.9,19,43,44.2,2,11,18.2,3,12,25.0,4,6,10,1.1,7,0,3,0.3,15,1.7,0.2,1,0.1,5,0.6,43,4.8,York
21,Jon Dulmage,17,8,238,14.0,26,66,39.4,1,5,20.0,6,8,75.0,17,31,48,2.8,37,2,5,0.3,10,0.6,0.5,1,0.1,8,0.5,59,3.5,York
13,Nana Adu-Poku,18,7,194,10.8,22,44,50.0,5,10,50.0,11,14,78.6,17,14,31,1.7,21,0,2,0.1,12,0.7,0.2,0,0.0,1,0.1,60,3.3,York
9,Tristan Newman,13,1,184,14.2,18,44,40.9,3,10,30.0,2,3,66.7,3,21,24,1.8,15,0,9,0.7,13,1.0,0.7,2,0.2,8,0.6,41,3.2,York
7,Julio Vazquez,10,-,55,5.5,3,15,20.0,3,12,25.0,1,2,50.0,3,7,10,1.0,2,0,3,0.3,6,0.6,0.5,0,0.0,4,0.4,10,1.0,York
24,Stefan Grujic,3,-,20,6.7,0,1,0.0,0,1,0.0,2,4,50.0,1,2,3,1.0,3,0,1,0.3,1,0.3,1.0,0,0.0,0,0.0,2,0.7,York
6,Gehrig Carlse,5,-,13,2.6,1,4,25.0,1,1,100.0,0,0,-,1,0,1,0.2,2,0,0,0.0,0,0.0,-,0,0.0,0,0.0,3,0.6,York
50,Jahvin Bridge,2,-,15,7.5,0,2,0.0,0,2,0.0,0,0,-,0,0,0,0.0,1,0,3,1.5,3,1.5,1.0,0,0.0,0,0.0,0,0.0,York
